loss,learning_rate,epoch,step,eval_loss,eval_precision,eval_recall,eval_f1,eval_accuracy,eval_runtime,eval_samples_per_second,eval_steps_per_second,train_runtime,train_samples_per_second,train_steps_per_second,total_flos,train_loss
0.9904,1.0000000000000001e-07,0.01,1,,,,,,,,,,,,,
1.0403,2.0000000000000002e-07,0.02,2,,,,,,,,,,,,,
1.0494,3.0000000000000004e-07,0.03,3,,,,,,,,,,,,,
1.0112,4.0000000000000003e-07,0.03,4,,,,,,,,,,,,,
1.0178,5.000000000000001e-07,0.04,5,,,,,,,,,,,,,
0.9823,6.000000000000001e-07,0.05,6,,,,,,,,,,,,,
0.9771,7.000000000000001e-07,0.06,7,,,,,,,,,,,,,
0.9933,8.000000000000001e-07,0.07,8,,,,,,,,,,,,,
0.999,9e-07,0.08,9,,,,,,,,,,,,,
0.9676,1.0000000000000002e-06,0.08,10,,,,,,,,,,,,,
0.9789,1.1e-06,0.09,11,,,,,,,,,,,,,
0.8985,1.2000000000000002e-06,0.1,12,,,,,,,,,,,,,
0.9164,1.3e-06,0.11,13,,,,,,,,,,,,,
0.8686,1.4000000000000001e-06,0.12,14,,,,,,,,,,,,,
0.8747,1.5e-06,0.13,15,,,,,,,,,,,,,
0.874,1.6000000000000001e-06,0.13,16,,,,,,,,,,,,,
0.8286,1.7000000000000002e-06,0.14,17,,,,,,,,,,,,,
0.8088,1.8e-06,0.15,18,,,,,,,,,,,,,
0.7707,1.9e-06,0.16,19,,,,,,,,,,,,,
0.7672,2.0000000000000003e-06,0.17,20,,,,,,,,,,,,,
0.7174,2.1000000000000002e-06,0.18,21,,,,,,,,,,,,,
0.6828,2.2e-06,0.18,22,,,,,,,,,,,,,
0.6434,2.3e-06,0.19,23,,,,,,,,,,,,,
0.5925,2.4000000000000003e-06,0.2,24,,,,,,,,,,,,,
0.6151,2.5e-06,0.21,25,,,,,,,,,,,,,
0.5604,2.6e-06,0.22,26,,,,,,,,,,,,,
0.5362,2.7e-06,0.23,27,,,,,,,,,,,,,
0.5111,2.8000000000000003e-06,0.24,28,,,,,,,,,,,,,
0.493,2.9e-06,0.24,29,,,,,,,,,,,,,
0.4716,3e-06,0.25,30,,,,,,,,,,,,,
0.4697,3.1e-06,0.26,31,,,,,,,,,,,,,
0.469,3.2000000000000003e-06,0.27,32,,,,,,,,,,,,,
0.4177,3.3e-06,0.28,33,,,,,,,,,,,,,
0.4052,3.4000000000000005e-06,0.29,34,,,,,,,,,,,,,
0.3694,3.5000000000000004e-06,0.29,35,,,,,,,,,,,,,
0.3753,3.6e-06,0.3,36,,,,,,,,,,,,,
0.3276,3.7e-06,0.31,37,,,,,,,,,,,,,
0.3589,3.8e-06,0.32,38,,,,,,,,,,,,,
0.3142,3.9e-06,0.33,39,,,,,,,,,,,,,
0.2911,4.000000000000001e-06,0.34,40,,,,,,,,,,,,,
0.2957,4.1000000000000006e-06,0.34,41,,,,,,,,,,,,,
0.3008,4.2000000000000004e-06,0.35,42,,,,,,,,,,,,,
0.2787,4.2999999999999995e-06,0.36,43,,,,,,,,,,,,,
0.3162,4.4e-06,0.37,44,,,,,,,,,,,,,
0.2967,4.5e-06,0.38,45,,,,,,,,,,,,,
0.2883,4.6e-06,0.39,46,,,,,,,,,,,,,
0.2963,4.7e-06,0.39,47,,,,,,,,,,,,,
0.2817,4.800000000000001e-06,0.4,48,,,,,,,,,,,,,
0.2646,4.9000000000000005e-06,0.41,49,,,,,,,,,,,,,
0.2582,5e-06,0.42,50,,,,,,,,,,,,,
0.2897,5.1e-06,0.43,51,,,,,,,,,,,,,
0.3187,5.2e-06,0.44,52,,,,,,,,,,,,,
0.2975,5.3e-06,0.45,53,,,,,,,,,,,,,
0.2493,5.4e-06,0.45,54,,,,,,,,,,,,,
0.2418,5.500000000000001e-06,0.46,55,,,,,,,,,,,,,
0.2647,5.600000000000001e-06,0.47,56,,,,,,,,,,,,,
0.2678,5.7000000000000005e-06,0.48,57,,,,,,,,,,,,,
0.2692,5.8e-06,0.49,58,,,,,,,,,,,,,
0.2529,5.9e-06,0.5,59,,,,,,,,,,,,,
0.2575,6e-06,0.5,60,,,,,,,,,,,,,
0.2666,6.1e-06,0.51,61,,,,,,,,,,,,,
0.2256,6.2e-06,0.52,62,,,,,,,,,,,,,
0.2365,6.300000000000001e-06,0.53,63,,,,,,,,,,,,,
0.2878,6.4000000000000006e-06,0.54,64,,,,,,,,,,,,,
0.2505,6.5000000000000004e-06,0.55,65,,,,,,,,,,,,,
0.2549,6.6e-06,0.55,66,,,,,,,,,,,,,
0.2489,6.700000000000001e-06,0.56,67,,,,,,,,,,,,,
0.2276,6.800000000000001e-06,0.57,68,,,,,,,,,,,,,
0.2632,6.900000000000001e-06,0.58,69,,,,,,,,,,,,,
0.2523,7.000000000000001e-06,0.59,70,,,,,,,,,,,,,
0.2862,7.1e-06,0.6,71,,,,,,,,,,,,,
0.2215,7.2e-06,0.61,72,,,,,,,,,,,,,
0.2236,7.2999999999999996e-06,0.61,73,,,,,,,,,,,,,
0.2082,7.4e-06,0.62,74,,,,,,,,,,,,,
0.2266,7.5e-06,0.63,75,,,,,,,,,,,,,
0.2354,7.6e-06,0.64,76,,,,,,,,,,,,,
0.2369,7.7e-06,0.65,77,,,,,,,,,,,,,
0.2263,7.8e-06,0.66,78,,,,,,,,,,,,,
0.1957,7.9e-06,0.66,79,,,,,,,,,,,,,
0.2097,8.000000000000001e-06,0.67,80,,,,,,,,,,,,,
0.237,8.1e-06,0.68,81,,,,,,,,,,,,,
0.2222,8.200000000000001e-06,0.69,82,,,,,,,,,,,,,
0.2193,8.3e-06,0.7,83,,,,,,,,,,,,,
0.2284,8.400000000000001e-06,0.71,84,,,,,,,,,,,,,
0.2385,8.500000000000002e-06,0.71,85,,,,,,,,,,,,,
0.2199,8.599999999999999e-06,0.72,86,,,,,,,,,,,,,
0.2453,8.7e-06,0.73,87,,,,,,,,,,,,,
0.2005,8.8e-06,0.74,88,,,,,,,,,,,,,
0.256,8.9e-06,0.75,89,,,,,,,,,,,,,
0.2112,9e-06,0.76,90,,,,,,,,,,,,,
0.2081,9.100000000000001e-06,0.76,91,,,,,,,,,,,,,
0.2186,9.2e-06,0.77,92,,,,,,,,,,,,,
0.2049,9.3e-06,0.78,93,,,,,,,,,,,,,
0.2363,9.4e-06,0.79,94,,,,,,,,,,,,,
0.19,9.5e-06,0.8,95,,,,,,,,,,,,,
0.2216,9.600000000000001e-06,0.81,96,,,,,,,,,,,,,
0.2331,9.7e-06,0.82,97,,,,,,,,,,,,,
0.1774,9.800000000000001e-06,0.82,98,,,,,,,,,,,,,
0.182,9.900000000000002e-06,0.83,99,,,,,,,,,,,,,
0.1778,1e-05,0.84,100,,,,,,,,,,,,,
0.1704,1.0100000000000002e-05,0.85,101,,,,,,,,,,,,,
0.1967,1.02e-05,0.86,102,,,,,,,,,,,,,
0.1783,1.03e-05,0.87,103,,,,,,,,,,,,,
0.2004,1.04e-05,0.87,104,,,,,,,,,,,,,
0.15,1.05e-05,0.88,105,,,,,,,,,,,,,
0.161,1.06e-05,0.89,106,,,,,,,,,,,,,
0.185,1.0700000000000001e-05,0.9,107,,,,,,,,,,,,,
0.1696,1.08e-05,0.91,108,,,,,,,,,,,,,
0.1487,1.09e-05,0.92,109,,,,,,,,,,,,,
0.1551,1.1000000000000001e-05,0.92,110,,,,,,,,,,,,,
0.1935,1.11e-05,0.93,111,,,,,,,,,,,,,
0.1847,1.1200000000000001e-05,0.94,112,,,,,,,,,,,,,
0.1728,1.13e-05,0.95,113,,,,,,,,,,,,,
0.18,1.1400000000000001e-05,0.96,114,,,,,,,,,,,,,
0.1649,1.1500000000000002e-05,0.97,115,,,,,,,,,,,,,
0.1887,1.16e-05,0.97,116,,,,,,,,,,,,,
0.1935,1.1700000000000001e-05,0.98,117,,,,,,,,,,,,,
0.1661,1.18e-05,0.99,118,,,,,,,,,,,,,
0.1741,1.19e-05,1.0,119,,,,,,,,,,,,,
,,1.0,119,0.1477007120847702,0.7479674796747967,0.43498817966903075,0.5500747384155455,0.9551834130781499,1.0922,387.28,24.72,,,,,
0.1531,1.2e-05,1.01,120,,,,,,,,,,,,,
0.1422,1.2100000000000001e-05,1.02,121,,,,,,,,,,,,,
0.103,1.22e-05,1.03,122,,,,,,,,,,,,,
0.1251,1.23e-05,1.03,123,,,,,,,,,,,,,
0.1502,1.24e-05,1.04,124,,,,,,,,,,,,,
0.1527,1.25e-05,1.05,125,,,,,,,,,,,,,
0.1186,1.2600000000000001e-05,1.06,126,,,,,,,,,,,,,
0.1433,1.27e-05,1.07,127,,,,,,,,,,,,,
0.1405,1.2800000000000001e-05,1.08,128,,,,,,,,,,,,,
0.1323,1.29e-05,1.08,129,,,,,,,,,,,,,
0.1556,1.3000000000000001e-05,1.09,130,,,,,,,,,,,,,
0.1473,1.3100000000000002e-05,1.1,131,,,,,,,,,,,,,
0.1418,1.32e-05,1.11,132,,,,,,,,,,,,,
0.1298,1.3300000000000001e-05,1.12,133,,,,,,,,,,,,,
0.1266,1.3400000000000002e-05,1.13,134,,,,,,,,,,,,,
0.1097,1.3500000000000001e-05,1.13,135,,,,,,,,,,,,,
0.1335,1.3600000000000002e-05,1.14,136,,,,,,,,,,,,,
0.1033,1.3700000000000001e-05,1.15,137,,,,,,,,,,,,,
0.1033,1.3800000000000002e-05,1.16,138,,,,,,,,,,,,,
0.1254,1.3900000000000002e-05,1.17,139,,,,,,,,,,,,,
0.1558,1.4000000000000001e-05,1.18,140,,,,,,,,,,,,,
0.0925,1.4099999999999999e-05,1.18,141,,,,,,,,,,,,,
0.14,1.42e-05,1.19,142,,,,,,,,,,,,,
0.1268,1.43e-05,1.2,143,,,,,,,,,,,,,
0.1413,1.44e-05,1.21,144,,,,,,,,,,,,,
0.1358,1.45e-05,1.22,145,,,,,,,,,,,,,
0.1362,1.4599999999999999e-05,1.23,146,,,,,,,,,,,,,
0.1119,1.47e-05,1.24,147,,,,,,,,,,,,,
0.109,1.48e-05,1.24,148,,,,,,,,,,,,,
0.1168,1.49e-05,1.25,149,,,,,,,,,,,,,
0.1321,1.5e-05,1.26,150,,,,,,,,,,,,,
0.1062,1.51e-05,1.27,151,,,,,,,,,,,,,
0.0912,1.52e-05,1.28,152,,,,,,,,,,,,,
0.1083,1.53e-05,1.29,153,,,,,,,,,,,,,
0.1175,1.54e-05,1.29,154,,,,,,,,,,,,,
0.1165,1.55e-05,1.3,155,,,,,,,,,,,,,
0.122,1.56e-05,1.31,156,,,,,,,,,,,,,
0.0921,1.5700000000000002e-05,1.32,157,,,,,,,,,,,,,
0.1108,1.58e-05,1.33,158,,,,,,,,,,,,,
0.1003,1.59e-05,1.34,159,,,,,,,,,,,,,
0.1261,1.6000000000000003e-05,1.34,160,,,,,,,,,,,,,
0.1089,1.6100000000000002e-05,1.35,161,,,,,,,,,,,,,
0.1058,1.62e-05,1.36,162,,,,,,,,,,,,,
0.1512,1.63e-05,1.37,163,,,,,,,,,,,,,
0.0758,1.6400000000000002e-05,1.38,164,,,,,,,,,,,,,
0.0697,1.65e-05,1.39,165,,,,,,,,,,,,,
0.1215,1.66e-05,1.39,166,,,,,,,,,,,,,
0.1102,1.6700000000000003e-05,1.4,167,,,,,,,,,,,,,
0.1007,1.6800000000000002e-05,1.41,168,,,,,,,,,,,,,
0.1208,1.69e-05,1.42,169,,,,,,,,,,,,,
0.1101,1.7000000000000003e-05,1.43,170,,,,,,,,,,,,,
0.1136,1.7100000000000002e-05,1.44,171,,,,,,,,,,,,,
0.0947,1.7199999999999998e-05,1.45,172,,,,,,,,,,,,,
0.0887,1.73e-05,1.45,173,,,,,,,,,,,,,
0.0885,1.74e-05,1.46,174,,,,,,,,,,,,,
0.1005,1.75e-05,1.47,175,,,,,,,,,,,,,
0.0943,1.76e-05,1.48,176,,,,,,,,,,,,,
0.1374,1.77e-05,1.49,177,,,,,,,,,,,,,
0.1129,1.78e-05,1.5,178,,,,,,,,,,,,,
0.0641,1.79e-05,1.5,179,,,,,,,,,,,,,
0.0957,1.8e-05,1.51,180,,,,,,,,,,,,,
0.0582,1.81e-05,1.52,181,,,,,,,,,,,,,
0.0748,1.8200000000000002e-05,1.53,182,,,,,,,,,,,,,
0.0933,1.83e-05,1.54,183,,,,,,,,,,,,,
0.0683,1.84e-05,1.55,184,,,,,,,,,,,,,
0.0632,1.85e-05,1.55,185,,,,,,,,,,,,,
0.0815,1.86e-05,1.56,186,,,,,,,,,,,,,
0.1019,1.87e-05,1.57,187,,,,,,,,,,,,,
0.0718,1.88e-05,1.58,188,,,,,,,,,,,,,
0.0468,1.8900000000000002e-05,1.59,189,,,,,,,,,,,,,
0.063,1.9e-05,1.6,190,,,,,,,,,,,,,
0.0843,1.91e-05,1.61,191,,,,,,,,,,,,,
0.0836,1.9200000000000003e-05,1.61,192,,,,,,,,,,,,,
0.106,1.93e-05,1.62,193,,,,,,,,,,,,,
0.0714,1.94e-05,1.63,194,,,,,,,,,,,,,
0.0663,1.9500000000000003e-05,1.64,195,,,,,,,,,,,,,
0.0759,1.9600000000000002e-05,1.65,196,,,,,,,,,,,,,
0.1107,1.97e-05,1.66,197,,,,,,,,,,,,,
0.087,1.9800000000000004e-05,1.66,198,,,,,,,,,,,,,
0.1015,1.9900000000000003e-05,1.67,199,,,,,,,,,,,,,
0.0765,2e-05,1.68,200,,,,,,,,,,,,,
0.0878,2.01e-05,1.69,201,,,,,,,,,,,,,
0.0898,2.0200000000000003e-05,1.7,202,,,,,,,,,,,,,
0.0714,2.0300000000000002e-05,1.71,203,,,,,,,,,,,,,
0.0717,2.04e-05,1.71,204,,,,,,,,,,,,,
0.0816,2.05e-05,1.72,205,,,,,,,,,,,,,
0.0981,2.06e-05,1.73,206,,,,,,,,,,,,,
0.0681,2.07e-05,1.74,207,,,,,,,,,,,,,
0.1072,2.08e-05,1.75,208,,,,,,,,,,,,,
0.1414,2.09e-05,1.76,209,,,,,,,,,,,,,
0.1202,2.1e-05,1.76,210,,,,,,,,,,,,,
0.0731,2.11e-05,1.77,211,,,,,,,,,,,,,
0.074,2.12e-05,1.78,212,,,,,,,,,,,,,
0.088,2.13e-05,1.79,213,,,,,,,,,,,,,
0.0929,2.1400000000000002e-05,1.8,214,,,,,,,,,,,,,
0.104,2.15e-05,1.81,215,,,,,,,,,,,,,
0.1127,2.16e-05,1.82,216,,,,,,,,,,,,,
0.0899,2.1700000000000002e-05,1.82,217,,,,,,,,,,,,,
0.0632,2.18e-05,1.83,218,,,,,,,,,,,,,
0.066,2.19e-05,1.84,219,,,,,,,,,,,,,
0.0519,2.2000000000000003e-05,1.85,220,,,,,,,,,,,,,
0.0671,2.2100000000000002e-05,1.86,221,,,,,,,,,,,,,
0.0955,2.22e-05,1.87,222,,,,,,,,,,,,,
0.0594,2.23e-05,1.87,223,,,,,,,,,,,,,
0.0638,2.2400000000000002e-05,1.88,224,,,,,,,,,,,,,
0.0761,2.25e-05,1.89,225,,,,,,,,,,,,,
0.0672,2.26e-05,1.9,226,,,,,,,,,,,,,
0.0955,2.2700000000000003e-05,1.91,227,,,,,,,,,,,,,
0.0552,2.2800000000000002e-05,1.92,228,,,,,,,,,,,,,
0.0552,2.29e-05,1.92,229,,,,,,,,,,,,,
0.0684,2.3000000000000003e-05,1.93,230,,,,,,,,,,,,,
0.0977,2.3100000000000002e-05,1.94,231,,,,,,,,,,,,,
0.1421,2.32e-05,1.95,232,,,,,,,,,,,,,
0.0874,2.3300000000000004e-05,1.96,233,,,,,,,,,,,,,
0.0784,2.3400000000000003e-05,1.97,234,,,,,,,,,,,,,
0.1063,2.35e-05,1.97,235,,,,,,,,,,,,,
0.0942,2.36e-05,1.98,236,,,,,,,,,,,,,
0.0485,2.37e-05,1.99,237,,,,,,,,,,,,,
0.0672,2.38e-05,2.0,238,,,,,,,,,,,,,
,,2.0,238,0.06851746141910553,0.8605263157894737,0.7730496453900709,0.8144458281444583,0.9778309409888357,1.2009,352.237,22.483,,,,,
0.0599,2.39e-05,2.01,239,,,,,,,,,,,,,
0.0442,2.4e-05,2.02,240,,,,,,,,,,,,,
0.0296,2.41e-05,2.03,241,,,,,,,,,,,,,
0.0421,2.4200000000000002e-05,2.03,242,,,,,,,,,,,,,
0.0628,2.43e-05,2.04,243,,,,,,,,,,,,,
0.0959,2.44e-05,2.05,244,,,,,,,,,,,,,
0.0462,2.45e-05,2.06,245,,,,,,,,,,,,,
0.0632,2.46e-05,2.07,246,,,,,,,,,,,,,
0.0626,2.47e-05,2.08,247,,,,,,,,,,,,,
0.0378,2.48e-05,2.08,248,,,,,,,,,,,,,
0.0361,2.4900000000000002e-05,2.09,249,,,,,,,,,,,,,
0.0476,2.5e-05,2.1,250,,,,,,,,,,,,,
0.0731,2.51e-05,2.11,251,,,,,,,,,,,,,
0.0579,2.5200000000000003e-05,2.12,252,,,,,,,,,,,,,
0.0499,2.5300000000000002e-05,2.13,253,,,,,,,,,,,,,
0.0382,2.54e-05,2.13,254,,,,,,,,,,,,,
0.0413,2.5500000000000003e-05,2.14,255,,,,,,,,,,,,,
0.0558,2.5600000000000002e-05,2.15,256,,,,,,,,,,,,,
0.0444,2.57e-05,2.16,257,,,,,,,,,,,,,
0.0503,2.58e-05,2.17,258,,,,,,,,,,,,,
0.0521,2.5900000000000003e-05,2.18,259,,,,,,,,,,,,,
0.0294,2.6000000000000002e-05,2.18,260,,,,,,,,,,,,,
0.031,2.61e-05,2.19,261,,,,,,,,,,,,,
0.0489,2.6200000000000003e-05,2.2,262,,,,,,,,,,,,,
0.0544,2.6300000000000002e-05,2.21,263,,,,,,,,,,,,,
0.0382,2.64e-05,2.22,264,,,,,,,,,,,,,
0.0254,2.6500000000000004e-05,2.23,265,,,,,,,,,,,,,
0.0327,2.6600000000000003e-05,2.24,266,,,,,,,,,,,,,
0.0573,2.6700000000000002e-05,2.24,267,,,,,,,,,,,,,
0.0612,2.6800000000000004e-05,2.25,268,,,,,,,,,,,,,
0.0448,2.6900000000000003e-05,2.26,269,,,,,,,,,,,,,
0.0464,2.7000000000000002e-05,2.27,270,,,,,,,,,,,,,
0.0701,2.7100000000000005e-05,2.28,271,,,,,,,,,,,,,
0.0439,2.7200000000000004e-05,2.29,272,,,,,,,,,,,,,
0.0653,2.7300000000000003e-05,2.29,273,,,,,,,,,,,,,
0.0628,2.7400000000000002e-05,2.3,274,,,,,,,,,,,,,
0.0298,2.7500000000000004e-05,2.31,275,,,,,,,,,,,,,
0.0549,2.7600000000000003e-05,2.32,276,,,,,,,,,,,,,
0.0496,2.7700000000000002e-05,2.33,277,,,,,,,,,,,,,
0.0295,2.7800000000000005e-05,2.34,278,,,,,,,,,,,,,
0.0313,2.7900000000000004e-05,2.34,279,,,,,,,,,,,,,
0.027,2.8000000000000003e-05,2.35,280,,,,,,,,,,,,,
0.0422,2.8100000000000005e-05,2.36,281,,,,,,,,,,,,,
0.0636,2.8199999999999998e-05,2.37,282,,,,,,,,,,,,,
0.0436,2.83e-05,2.38,283,,,,,,,,,,,,,
0.0598,2.84e-05,2.39,284,,,,,,,,,,,,,
0.0555,2.8499999999999998e-05,2.39,285,,,,,,,,,,,,,
0.0744,2.86e-05,2.4,286,,,,,,,,,,,,,
0.0711,2.87e-05,2.41,287,,,,,,,,,,,,,
0.0291,2.88e-05,2.42,288,,,,,,,,,,,,,
0.0278,2.8899999999999998e-05,2.43,289,,,,,,,,,,,,,
0.0561,2.9e-05,2.44,290,,,,,,,,,,,,,
0.0442,2.91e-05,2.45,291,,,,,,,,,,,,,
0.0803,2.9199999999999998e-05,2.45,292,,,,,,,,,,,,,
0.0408,2.93e-05,2.46,293,,,,,,,,,,,,,
0.0271,2.94e-05,2.47,294,,,,,,,,,,,,,
0.0505,2.95e-05,2.48,295,,,,,,,,,,,,,
0.0504,2.96e-05,2.49,296,,,,,,,,,,,,,
0.0223,2.97e-05,2.5,297,,,,,,,,,,,,,
0.0677,2.98e-05,2.5,298,,,,,,,,,,,,,
0.0346,2.9900000000000002e-05,2.51,299,,,,,,,,,,,,,
0.0389,3e-05,2.52,300,,,,,,,,,,,,,
0.0359,3.01e-05,2.53,301,,,,,,,,,,,,,
0.0244,3.02e-05,2.54,302,,,,,,,,,,,,,
0.0524,3.03e-05,2.55,303,,,,,,,,,,,,,
0.045,3.04e-05,2.55,304,,,,,,,,,,,,,
0.0323,3.05e-05,2.56,305,,,,,,,,,,,,,
0.0345,3.06e-05,2.57,306,,,,,,,,,,,,,
0.0593,3.07e-05,2.58,307,,,,,,,,,,,,,
0.0332,3.08e-05,2.59,308,,,,,,,,,,,,,
0.0726,3.09e-05,2.6,309,,,,,,,,,,,,,
0.016,3.1e-05,2.61,310,,,,,,,,,,,,,
0.0446,3.1100000000000004e-05,2.61,311,,,,,,,,,,,,,
0.0486,3.12e-05,2.62,312,,,,,,,,,,,,,
0.0378,3.13e-05,2.63,313,,,,,,,,,,,,,
0.0363,3.1400000000000004e-05,2.64,314,,,,,,,,,,,,,
0.0379,3.15e-05,2.65,315,,,,,,,,,,,,,
0.0276,3.16e-05,2.66,316,,,,,,,,,,,,,
0.0597,3.1700000000000005e-05,2.66,317,,,,,,,,,,,,,
0.061,3.18e-05,2.67,318,,,,,,,,,,,,,
0.0655,3.19e-05,2.68,319,,,,,,,,,,,,,
0.0569,3.2000000000000005e-05,2.69,320,,,,,,,,,,,,,
0.0375,3.21e-05,2.7,321,,,,,,,,,,,,,
0.0582,3.2200000000000003e-05,2.71,322,,,,,,,,,,,,,
0.0663,3.2300000000000006e-05,2.71,323,,,,,,,,,,,,,
0.0613,3.24e-05,2.72,324,,,,,,,,,,,,,
0.0331,3.2500000000000004e-05,2.73,325,,,,,,,,,,,,,
0.0698,3.26e-05,2.74,326,,,,,,,,,,,,,
0.0494,3.27e-05,2.75,327,,,,,,,,,,,,,
0.0368,3.2800000000000004e-05,2.76,328,,,,,,,,,,,,,
0.0918,3.29e-05,2.76,329,,,,,,,,,,,,,
0.0382,3.3e-05,2.77,330,,,,,,,,,,,,,
0.0514,3.3100000000000005e-05,2.78,331,,,,,,,,,,,,,
0.0675,3.32e-05,2.79,332,,,,,,,,,,,,,
0.0549,3.33e-05,2.8,333,,,,,,,,,,,,,
0.0128,3.3400000000000005e-05,2.81,334,,,,,,,,,,,,,
0.0603,3.35e-05,2.82,335,,,,,,,,,,,,,
0.0433,3.3600000000000004e-05,2.82,336,,,,,,,,,,,,,
0.0192,3.3700000000000006e-05,2.83,337,,,,,,,,,,,,,
0.0491,3.38e-05,2.84,338,,,,,,,,,,,,,
0.0324,3.3900000000000004e-05,2.85,339,,,,,,,,,,,,,
0.022,3.4000000000000007e-05,2.86,340,,,,,,,,,,,,,
0.0794,3.41e-05,2.87,341,,,,,,,,,,,,,
0.0453,3.4200000000000005e-05,2.87,342,,,,,,,,,,,,,
0.0342,3.430000000000001e-05,2.88,343,,,,,,,,,,,,,
0.0626,3.4399999999999996e-05,2.89,344,,,,,,,,,,,,,
0.0338,3.45e-05,2.9,345,,,,,,,,,,,,,
0.0423,3.46e-05,2.91,346,,,,,,,,,,,,,
0.0656,3.4699999999999996e-05,2.92,347,,,,,,,,,,,,,
0.0273,3.48e-05,2.92,348,,,,,,,,,,,,,
0.0431,3.49e-05,2.93,349,,,,,,,,,,,,,
0.047,3.5e-05,2.94,350,,,,,,,,,,,,,
0.0475,3.51e-05,2.95,351,,,,,,,,,,,,,
0.05,3.52e-05,2.96,352,,,,,,,,,,,,,
0.0524,3.53e-05,2.97,353,,,,,,,,,,,,,
0.024,3.54e-05,2.97,354,,,,,,,,,,,,,
0.0382,3.55e-05,2.98,355,,,,,,,,,,,,,
0.0457,3.56e-05,2.99,356,,,,,,,,,,,,,
0.0478,3.57e-05,3.0,357,,,,,,,,,,,,,
,,3.0,357,0.058851245790719986,0.863080684596577,0.83451536643026,0.8485576923076923,0.980701754385965,1.1243,376.237,24.015,,,,,
0.0127,3.58e-05,3.01,358,,,,,,,,,,,,,
0.0393,3.59e-05,3.02,359,,,,,,,,,,,,,
0.0278,3.6e-05,3.03,360,,,,,,,,,,,,,
0.0265,3.61e-05,3.03,361,,,,,,,,,,,,,
0.0232,3.62e-05,3.04,362,,,,,,,,,,,,,
0.0416,3.63e-05,3.05,363,,,,,,,,,,,,,
0.02,3.6400000000000004e-05,3.06,364,,,,,,,,,,,,,
0.0188,3.65e-05,3.07,365,,,,,,,,,,,,,
0.0222,3.66e-05,3.08,366,,,,,,,,,,,,,
0.0536,3.6700000000000004e-05,3.08,367,,,,,,,,,,,,,
0.0211,3.68e-05,3.09,368,,,,,,,,,,,,,
0.0168,3.69e-05,3.1,369,,,,,,,,,,,,,
0.023,3.7e-05,3.11,370,,,,,,,,,,,,,
0.0181,3.71e-05,3.12,371,,,,,,,,,,,,,
0.0132,3.72e-05,3.13,372,,,,,,,,,,,,,
0.0096,3.73e-05,3.13,373,,,,,,,,,,,,,
0.0162,3.74e-05,3.14,374,,,,,,,,,,,,,
0.0081,3.7500000000000003e-05,3.15,375,,,,,,,,,,,,,
0.0073,3.76e-05,3.16,376,,,,,,,,,,,,,
0.0163,3.77e-05,3.17,377,,,,,,,,,,,,,
0.0169,3.7800000000000004e-05,3.18,378,,,,,,,,,,,,,
0.0159,3.79e-05,3.18,379,,,,,,,,,,,,,
0.028,3.8e-05,3.19,380,,,,,,,,,,,,,
0.0287,3.8100000000000005e-05,3.2,381,,,,,,,,,,,,,
0.0051,3.82e-05,3.21,382,,,,,,,,,,,,,
0.0243,3.83e-05,3.22,383,,,,,,,,,,,,,
0.0092,3.8400000000000005e-05,3.23,384,,,,,,,,,,,,,
0.0184,3.85e-05,3.24,385,,,,,,,,,,,,,
0.0344,3.86e-05,3.24,386,,,,,,,,,,,,,
0.0114,3.8700000000000006e-05,3.25,387,,,,,,,,,,,,,
0.0242,3.88e-05,3.26,388,,,,,,,,,,,,,
0.0174,3.8900000000000004e-05,3.27,389,,,,,,,,,,,,,
0.0318,3.9000000000000006e-05,3.28,390,,,,,,,,,,,,,
0.0228,3.91e-05,3.29,391,,,,,,,,,,,,,
0.0256,3.9200000000000004e-05,3.29,392,,,,,,,,,,,,,
0.0405,3.9300000000000007e-05,3.3,393,,,,,,,,,,,,,
0.0102,3.94e-05,3.31,394,,,,,,,,,,,,,
0.0084,3.9500000000000005e-05,3.32,395,,,,,,,,,,,,,
0.0133,3.960000000000001e-05,3.33,396,,,,,,,,,,,,,
0.0204,3.97e-05,3.34,397,,,,,,,,,,,,,
0.0374,3.9800000000000005e-05,3.34,398,,,,,,,,,,,,,
0.0252,3.99e-05,3.35,399,,,,,,,,,,,,,
0.034,4e-05,3.36,400,,,,,,,,,,,,,
0.0445,4.0100000000000006e-05,3.37,401,,,,,,,,,,,,,
0.0388,4.02e-05,3.38,402,,,,,,,,,,,,,
0.0051,4.0300000000000004e-05,3.39,403,,,,,,,,,,,,,
0.0199,4.0400000000000006e-05,3.39,404,,,,,,,,,,,,,
0.0332,4.05e-05,3.4,405,,,,,,,,,,,,,
0.0209,4.0600000000000004e-05,3.41,406,,,,,,,,,,,,,
0.0103,4.07e-05,3.42,407,,,,,,,,,,,,,
0.0181,4.08e-05,3.43,408,,,,,,,,,,,,,
0.0063,4.09e-05,3.44,409,,,,,,,,,,,,,
0.0218,4.1e-05,3.45,410,,,,,,,,,,,,,
0.0316,4.11e-05,3.45,411,,,,,,,,,,,,,
0.0119,4.12e-05,3.46,412,,,,,,,,,,,,,
0.0157,4.13e-05,3.47,413,,,,,,,,,,,,,
0.03,4.14e-05,3.48,414,,,,,,,,,,,,,
0.024,4.15e-05,3.49,415,,,,,,,,,,,,,
0.0157,4.16e-05,3.5,416,,,,,,,,,,,,,
0.0324,4.17e-05,3.5,417,,,,,,,,,,,,,
0.0191,4.18e-05,3.51,418,,,,,,,,,,,,,
0.0056,4.19e-05,3.52,419,,,,,,,,,,,,,
0.0205,4.2e-05,3.53,420,,,,,,,,,,,,,
0.0062,4.21e-05,3.54,421,,,,,,,,,,,,,
0.0148,4.22e-05,3.55,422,,,,,,,,,,,,,
0.0199,4.23e-05,3.55,423,,,,,,,,,,,,,
0.0429,4.24e-05,3.56,424,,,,,,,,,,,,,
0.0443,4.25e-05,3.57,425,,,,,,,,,,,,,
0.031,4.26e-05,3.58,426,,,,,,,,,,,,,
0.0502,4.27e-05,3.59,427,,,,,,,,,,,,,
0.0104,4.2800000000000004e-05,3.6,428,,,,,,,,,,,,,
0.0057,4.29e-05,3.61,429,,,,,,,,,,,,,
0.0548,4.3e-05,3.61,430,,,,,,,,,,,,,
0.0258,4.3100000000000004e-05,3.62,431,,,,,,,,,,,,,
0.0523,4.32e-05,3.63,432,,,,,,,,,,,,,
0.0094,4.33e-05,3.64,433,,,,,,,,,,,,,
0.0348,4.3400000000000005e-05,3.65,434,,,,,,,,,,,,,
0.0149,4.35e-05,3.66,435,,,,,,,,,,,,,
0.0213,4.36e-05,3.66,436,,,,,,,,,,,,,
0.0406,4.3700000000000005e-05,3.67,437,,,,,,,,,,,,,
0.0385,4.38e-05,3.68,438,,,,,,,,,,,,,
0.0431,4.39e-05,3.69,439,,,,,,,,,,,,,
0.0287,4.4000000000000006e-05,3.7,440,,,,,,,,,,,,,
0.0147,4.41e-05,3.71,441,,,,,,,,,,,,,
0.0202,4.4200000000000004e-05,3.71,442,,,,,,,,,,,,,
0.0198,4.43e-05,3.72,443,,,,,,,,,,,,,
0.0514,4.44e-05,3.73,444,,,,,,,,,,,,,
0.0093,4.4500000000000004e-05,3.74,445,,,,,,,,,,,,,
0.0266,4.46e-05,3.75,446,,,,,,,,,,,,,
0.0268,4.47e-05,3.76,447,,,,,,,,,,,,,
0.0376,4.4800000000000005e-05,3.76,448,,,,,,,,,,,,,
0.0091,4.49e-05,3.77,449,,,,,,,,,,,,,
0.0112,4.5e-05,3.78,450,,,,,,,,,,,,,
0.0211,4.5100000000000005e-05,3.79,451,,,,,,,,,,,,,
0.0164,4.52e-05,3.8,452,,,,,,,,,,,,,
0.0266,4.53e-05,3.81,453,,,,,,,,,,,,,
0.0033,4.5400000000000006e-05,3.82,454,,,,,,,,,,,,,
0.0386,4.55e-05,3.82,455,,,,,,,,,,,,,
0.0409,4.5600000000000004e-05,3.83,456,,,,,,,,,,,,,
0.0338,4.5700000000000006e-05,3.84,457,,,,,,,,,,,,,
0.0069,4.58e-05,3.85,458,,,,,,,,,,,,,
0.0315,4.5900000000000004e-05,3.86,459,,,,,,,,,,,,,
0.0175,4.600000000000001e-05,3.87,460,,,,,,,,,,,,,
0.0437,4.61e-05,3.87,461,,,,,,,,,,,,,
0.0081,4.6200000000000005e-05,3.88,462,,,,,,,,,,,,,
0.0325,4.630000000000001e-05,3.89,463,,,,,,,,,,,,,
0.0204,4.64e-05,3.9,464,,,,,,,,,,,,,
0.0388,4.6500000000000005e-05,3.91,465,,,,,,,,,,,,,
0.0255,4.660000000000001e-05,3.92,466,,,,,,,,,,,,,
0.0105,4.6700000000000003e-05,3.92,467,,,,,,,,,,,,,
0.0396,4.6800000000000006e-05,3.93,468,,,,,,,,,,,,,
0.0165,4.69e-05,3.94,469,,,,,,,,,,,,,
0.0498,4.7e-05,3.95,470,,,,,,,,,,,,,
0.0144,4.71e-05,3.96,471,,,,,,,,,,,,,
0.0512,4.72e-05,3.97,472,,,,,,,,,,,,,
0.0318,4.73e-05,3.97,473,,,,,,,,,,,,,
0.0178,4.74e-05,3.98,474,,,,,,,,,,,,,
0.024,4.75e-05,3.99,475,,,,,,,,,,,,,
0.0311,4.76e-05,4.0,476,,,,,,,,,,,,,
,,4.0,476,0.05752478167414665,0.8848039215686274,0.8534278959810875,0.8688327316486161,0.9829346092503988,1.1452,369.353,23.576,,,,,
0.014,4.77e-05,4.01,477,,,,,,,,,,,,,
0.0209,4.78e-05,4.02,478,,,,,,,,,,,,,
0.0062,4.79e-05,4.03,479,,,,,,,,,,,,,
0.0146,4.8e-05,4.03,480,,,,,,,,,,,,,
0.008,4.8100000000000004e-05,4.04,481,,,,,,,,,,,,,
0.0149,4.82e-05,4.05,482,,,,,,,,,,,,,
0.0234,4.83e-05,4.06,483,,,,,,,,,,,,,
0.0195,4.8400000000000004e-05,4.07,484,,,,,,,,,,,,,
0.0321,4.85e-05,4.08,485,,,,,,,,,,,,,
0.0188,4.86e-05,4.08,486,,,,,,,,,,,,,
0.0049,4.87e-05,4.09,487,,,,,,,,,,,,,
0.0089,4.88e-05,4.1,488,,,,,,,,,,,,,
0.0248,4.89e-05,4.11,489,,,,,,,,,,,,,
0.0045,4.9e-05,4.12,490,,,,,,,,,,,,,
0.0102,4.91e-05,4.13,491,,,,,,,,,,,,,
0.0053,4.92e-05,4.13,492,,,,,,,,,,,,,
0.022,4.93e-05,4.14,493,,,,,,,,,,,,,
0.0034,4.94e-05,4.15,494,,,,,,,,,,,,,
0.0158,4.9500000000000004e-05,4.16,495,,,,,,,,,,,,,
0.0127,4.96e-05,4.17,496,,,,,,,,,,,,,
0.0108,4.97e-05,4.18,497,,,,,,,,,,,,,
0.0078,4.9800000000000004e-05,4.18,498,,,,,,,,,,,,,
0.026,4.99e-05,4.19,499,,,,,,,,,,,,,
0.0085,5e-05,4.2,500,,,,,,,,,,,,,
0.0114,4.996108949416343e-05,4.21,501,,,,,,,,,,,,,
0.0101,4.992217898832685e-05,4.22,502,,,,,,,,,,,,,
0.0145,4.988326848249028e-05,4.23,503,,,,,,,,,,,,,
0.0061,4.98443579766537e-05,4.24,504,,,,,,,,,,,,,
0.0035,4.980544747081712e-05,4.24,505,,,,,,,,,,,,,
0.0039,4.976653696498055e-05,4.25,506,,,,,,,,,,,,,
0.0024,4.972762645914397e-05,4.26,507,,,,,,,,,,,,,
0.0083,4.96887159533074e-05,4.27,508,,,,,,,,,,,,,
0.0073,4.9649805447470823e-05,4.28,509,,,,,,,,,,,,,
0.0191,4.961089494163424e-05,4.29,510,,,,,,,,,,,,,
0.0088,4.957198443579767e-05,4.29,511,,,,,,,,,,,,,
0.0119,4.953307392996109e-05,4.3,512,,,,,,,,,,,,,
0.0106,4.949416342412452e-05,4.31,513,,,,,,,,,,,,,
0.0093,4.945525291828794e-05,4.32,514,,,,,,,,,,,,,
0.0145,4.941634241245137e-05,4.33,515,,,,,,,,,,,,,
0.0105,4.9377431906614794e-05,4.34,516,,,,,,,,,,,,,
0.0041,4.933852140077821e-05,4.34,517,,,,,,,,,,,,,
0.0026,4.929961089494164e-05,4.35,518,,,,,,,,,,,,,
0.0247,4.926070038910506e-05,4.36,519,,,,,,,,,,,,,
0.0098,4.922178988326849e-05,4.37,520,,,,,,,,,,,,,
0.0112,4.918287937743191e-05,4.38,521,,,,,,,,,,,,,
0.0144,4.914396887159533e-05,4.39,522,,,,,,,,,,,,,
0.0097,4.910505836575876e-05,4.39,523,,,,,,,,,,,,,
0.0023,4.9066147859922176e-05,4.4,524,,,,,,,,,,,,,
0.0178,4.90272373540856e-05,4.41,525,,,,,,,,,,,,,
0.0298,4.898832684824903e-05,4.42,526,,,,,,,,,,,,,
0.0088,4.894941634241245e-05,4.43,527,,,,,,,,,,,,,
0.0223,4.891050583657588e-05,4.44,528,,,,,,,,,,,,,
0.0243,4.88715953307393e-05,4.45,529,,,,,,,,,,,,,
0.0168,4.883268482490273e-05,4.45,530,,,,,,,,,,,,,
0.0124,4.8793774319066146e-05,4.46,531,,,,,,,,,,,,,
0.0178,4.875486381322957e-05,4.47,532,,,,,,,,,,,,,
0.0297,4.8715953307393e-05,4.48,533,,,,,,,,,,,,,
0.017,4.867704280155642e-05,4.49,534,,,,,,,,,,,,,
0.0062,4.863813229571985e-05,4.5,535,,,,,,,,,,,,,
0.03,4.859922178988327e-05,4.5,536,,,,,,,,,,,,,
0.0068,4.856031128404669e-05,4.51,537,,,,,,,,,,,,,
0.0098,4.852140077821012e-05,4.52,538,,,,,,,,,,,,,
0.0042,4.848249027237354e-05,4.53,539,,,,,,,,,,,,,
0.0056,4.844357976653697e-05,4.54,540,,,,,,,,,,,,,
0.0069,4.840466926070039e-05,4.55,541,,,,,,,,,,,,,
0.0125,4.836575875486382e-05,4.55,542,,,,,,,,,,,,,
0.0537,4.832684824902724e-05,4.56,543,,,,,,,,,,,,,
0.0068,4.828793774319066e-05,4.57,544,,,,,,,,,,,,,
0.0108,4.824902723735409e-05,4.58,545,,,,,,,,,,,,,
0.0118,4.821011673151751e-05,4.59,546,,,,,,,,,,,,,
0.0035,4.817120622568094e-05,4.6,547,,,,,,,,,,,,,
0.0122,4.813229571984436e-05,4.61,548,,,,,,,,,,,,,
0.036,4.809338521400779e-05,4.61,549,,,,,,,,,,,,,
0.0194,4.805447470817121e-05,4.62,550,,,,,,,,,,,,,
0.0134,4.801556420233463e-05,4.63,551,,,,,,,,,,,,,
0.0111,4.797665369649806e-05,4.64,552,,,,,,,,,,,,,
0.0116,4.793774319066148e-05,4.65,553,,,,,,,,,,,,,
0.0105,4.789883268482491e-05,4.66,554,,,,,,,,,,,,,
0.0024,4.7859922178988334e-05,4.66,555,,,,,,,,,,,,,
0.0104,4.782101167315175e-05,4.67,556,,,,,,,,,,,,,
0.0051,4.778210116731518e-05,4.68,557,,,,,,,,,,,,,
0.0261,4.77431906614786e-05,4.69,558,,,,,,,,,,,,,
0.0171,4.770428015564203e-05,4.7,559,,,,,,,,,,,,,
0.0286,4.7665369649805453e-05,4.71,560,,,,,,,,,,,,,
0.0084,4.762645914396887e-05,4.71,561,,,,,,,,,,,,,
0.0182,4.75875486381323e-05,4.72,562,,,,,,,,,,,,,
0.0124,4.754863813229572e-05,4.73,563,,,,,,,,,,,,,
0.016,4.750972762645914e-05,4.74,564,,,,,,,,,,,,,
0.0079,4.7470817120622567e-05,4.75,565,,,,,,,,,,,,,
0.0095,4.743190661478599e-05,4.76,566,,,,,,,,,,,,,
0.0166,4.739299610894942e-05,4.76,567,,,,,,,,,,,,,
0.0186,4.735408560311284e-05,4.77,568,,,,,,,,,,,,,
0.0066,4.731517509727627e-05,4.78,569,,,,,,,,,,,,,
0.0141,4.7276264591439686e-05,4.79,570,,,,,,,,,,,,,
0.03,4.723735408560311e-05,4.8,571,,,,,,,,,,,,,
0.0207,4.719844357976654e-05,4.81,572,,,,,,,,,,,,,
0.0034,4.715953307392996e-05,4.82,573,,,,,,,,,,,,,
0.0207,4.712062256809339e-05,4.82,574,,,,,,,,,,,,,
0.0246,4.708171206225681e-05,4.83,575,,,,,,,,,,,,,
0.0022,4.704280155642024e-05,4.84,576,,,,,,,,,,,,,
0.007,4.700389105058366e-05,4.85,577,,,,,,,,,,,,,
0.0317,4.696498054474708e-05,4.86,578,,,,,,,,,,,,,
0.0319,4.692607003891051e-05,4.87,579,,,,,,,,,,,,,
0.0065,4.688715953307393e-05,4.87,580,,,,,,,,,,,,,
0.0133,4.684824902723736e-05,4.88,581,,,,,,,,,,,,,
0.009,4.680933852140078e-05,4.89,582,,,,,,,,,,,,,
0.0212,4.67704280155642e-05,4.9,583,,,,,,,,,,,,,
0.0082,4.673151750972763e-05,4.91,584,,,,,,,,,,,,,
0.002,4.669260700389105e-05,4.92,585,,,,,,,,,,,,,
0.0115,4.665369649805448e-05,4.92,586,,,,,,,,,,,,,
0.0152,4.66147859922179e-05,4.93,587,,,,,,,,,,,,,
0.0108,4.657587548638133e-05,4.94,588,,,,,,,,,,,,,
0.0107,4.6536964980544754e-05,4.95,589,,,,,,,,,,,,,
0.0038,4.649805447470817e-05,4.96,590,,,,,,,,,,,,,
0.007,4.64591439688716e-05,4.97,591,,,,,,,,,,,,,
0.0182,4.642023346303502e-05,4.97,592,,,,,,,,,,,,,
0.0019,4.638132295719845e-05,4.98,593,,,,,,,,,,,,,
0.0019,4.6342412451361874e-05,4.99,594,,,,,,,,,,,,,
0.021,4.63035019455253e-05,5.0,595,,,,,,,,,,,,,
,,5.0,595,0.0655096173286438,0.8764845605700713,0.8723404255319149,0.8744075829383886,0.9840510366826156,1.1562,365.857,23.353,,,,,
0.0214,4.626459143968872e-05,5.01,596,,,,,,,,,,,,,
0.0025,4.622568093385214e-05,5.02,597,,,,,,,,,,,,,
0.0022,4.618677042801557e-05,5.03,598,,,,,,,,,,,,,
0.0073,4.614785992217899e-05,5.03,599,,,,,,,,,,,,,
0.0065,4.610894941634242e-05,5.04,600,,,,,,,,,,,,,
0.0047,4.607003891050584e-05,5.05,601,,,,,,,,,,,,,
0.009,4.603112840466926e-05,5.06,602,,,,,,,,,,,,,
0.0011,4.599221789883269e-05,5.07,603,,,,,,,,,,,,,
0.0182,4.5953307392996106e-05,5.08,604,,,,,,,,,,,,,
0.0072,4.591439688715953e-05,5.08,605,,,,,,,,,,,,,
0.0034,4.587548638132296e-05,5.09,606,,,,,,,,,,,,,
0.0088,4.583657587548638e-05,5.1,607,,,,,,,,,,,,,
0.0053,4.579766536964981e-05,5.11,608,,,,,,,,,,,,,
0.0008,4.575875486381323e-05,5.12,609,,,,,,,,,,,,,
0.007,4.571984435797665e-05,5.13,610,,,,,,,,,,,,,
0.0107,4.568093385214008e-05,5.13,611,,,,,,,,,,,,,
0.0019,4.56420233463035e-05,5.14,612,,,,,,,,,,,,,
0.0068,4.560311284046693e-05,5.15,613,,,,,,,,,,,,,
0.0046,4.556420233463035e-05,5.16,614,,,,,,,,,,,,,
0.013,4.552529182879378e-05,5.17,615,,,,,,,,,,,,,
0.0038,4.54863813229572e-05,5.18,616,,,,,,,,,,,,,
0.0022,4.544747081712062e-05,5.18,617,,,,,,,,,,,,,
0.0067,4.540856031128405e-05,5.19,618,,,,,,,,,,,,,
0.0006,4.536964980544747e-05,5.2,619,,,,,,,,,,,,,
0.0069,4.53307392996109e-05,5.21,620,,,,,,,,,,,,,
0.0022,4.529182879377432e-05,5.22,621,,,,,,,,,,,,,
0.001,4.525291828793775e-05,5.23,622,,,,,,,,,,,,,
0.0112,4.521400778210117e-05,5.24,623,,,,,,,,,,,,,
0.0433,4.517509727626459e-05,5.24,624,,,,,,,,,,,,,
0.0017,4.513618677042802e-05,5.25,625,,,,,,,,,,,,,
0.0077,4.509727626459144e-05,5.26,626,,,,,,,,,,,,,
0.0053,4.505836575875487e-05,5.27,627,,,,,,,,,,,,,
0.0092,4.5019455252918294e-05,5.28,628,,,,,,,,,,,,,
0.0019,4.498054474708171e-05,5.29,629,,,,,,,,,,,,,
0.0014,4.494163424124514e-05,5.29,630,,,,,,,,,,,,,
0.0151,4.490272373540856e-05,5.3,631,,,,,,,,,,,,,
0.0073,4.486381322957199e-05,5.31,632,,,,,,,,,,,,,
0.0075,4.482490272373541e-05,5.32,633,,,,,,,,,,,,,
0.015,4.478599221789884e-05,5.33,634,,,,,,,,,,,,,
0.017,4.4747081712062264e-05,5.34,635,,,,,,,,,,,,,
0.0161,4.470817120622568e-05,5.34,636,,,,,,,,,,,,,
0.0273,4.466926070038911e-05,5.35,637,,,,,,,,,,,,,
0.001,4.463035019455253e-05,5.36,638,,,,,,,,,,,,,
0.0105,4.459143968871596e-05,5.37,639,,,,,,,,,,,,,
0.0032,4.4552529182879384e-05,5.38,640,,,,,,,,,,,,,
0.0145,4.45136186770428e-05,5.39,641,,,,,,,,,,,,,
0.0146,4.447470817120623e-05,5.39,642,,,,,,,,,,,,,
0.0032,4.4435797665369646e-05,5.4,643,,,,,,,,,,,,,
0.0027,4.439688715953307e-05,5.41,644,,,,,,,,,,,,,
0.0061,4.43579766536965e-05,5.42,645,,,,,,,,,,,,,
0.0079,4.431906614785992e-05,5.43,646,,,,,,,,,,,,,
0.002,4.428015564202335e-05,5.44,647,,,,,,,,,,,,,
0.0076,4.424124513618677e-05,5.45,648,,,,,,,,,,,,,
0.025,4.42023346303502e-05,5.45,649,,,,,,,,,,,,,
0.0039,4.4163424124513617e-05,5.46,650,,,,,,,,,,,,,
0.0183,4.412451361867704e-05,5.47,651,,,,,,,,,,,,,
0.0148,4.408560311284047e-05,5.48,652,,,,,,,,,,,,,
0.0091,4.404669260700389e-05,5.49,653,,,,,,,,,,,,,
0.0056,4.400778210116732e-05,5.5,654,,,,,,,,,,,,,
0.0015,4.396887159533074e-05,5.5,655,,,,,,,,,,,,,
0.0234,4.392996108949416e-05,5.51,656,,,,,,,,,,,,,
0.0104,4.389105058365759e-05,5.52,657,,,,,,,,,,,,,
0.0064,4.385214007782101e-05,5.53,658,,,,,,,,,,,,,
0.0029,4.381322957198444e-05,5.54,659,,,,,,,,,,,,,
0.0007,4.377431906614786e-05,5.55,660,,,,,,,,,,,,,
0.0067,4.373540856031129e-05,5.55,661,,,,,,,,,,,,,
0.0007,4.3696498054474714e-05,5.56,662,,,,,,,,,,,,,
0.0177,4.365758754863813e-05,5.57,663,,,,,,,,,,,,,
0.0088,4.361867704280156e-05,5.58,664,,,,,,,,,,,,,
0.0025,4.357976653696498e-05,5.59,665,,,,,,,,,,,,,
0.013,4.354085603112841e-05,5.6,666,,,,,,,,,,,,,
0.0074,4.3501945525291833e-05,5.61,667,,,,,,,,,,,,,
0.0103,4.346303501945526e-05,5.61,668,,,,,,,,,,,,,
0.0036,4.342412451361868e-05,5.62,669,,,,,,,,,,,,,
0.0018,4.33852140077821e-05,5.63,670,,,,,,,,,,,,,
0.0099,4.334630350194553e-05,5.64,671,,,,,,,,,,,,,
0.0018,4.330739299610895e-05,5.65,672,,,,,,,,,,,,,
0.0056,4.326848249027238e-05,5.66,673,,,,,,,,,,,,,
0.0024,4.3229571984435804e-05,5.66,674,,,,,,,,,,,,,
0.0061,4.319066147859923e-05,5.67,675,,,,,,,,,,,,,
0.0061,4.315175097276265e-05,5.68,676,,,,,,,,,,,,,
0.0037,4.311284046692607e-05,5.69,677,,,,,,,,,,,,,
0.0009,4.30739299610895e-05,5.7,678,,,,,,,,,,,,,
0.002,4.3035019455252924e-05,5.71,679,,,,,,,,,,,,,
0.0023,4.299610894941635e-05,5.71,680,,,,,,,,,,,,,
0.0038,4.295719844357977e-05,5.72,681,,,,,,,,,,,,,
0.0043,4.291828793774319e-05,5.73,682,,,,,,,,,,,,,
0.0342,4.287937743190661e-05,5.74,683,,,,,,,,,,,,,
0.007,4.284046692607004e-05,5.75,684,,,,,,,,,,,,,
0.0047,4.280155642023346e-05,5.76,685,,,,,,,,,,,,,
0.0018,4.276264591439689e-05,5.76,686,,,,,,,,,,,,,
0.0042,4.272373540856031e-05,5.77,687,,,,,,,,,,,,,
0.012,4.268482490272374e-05,5.78,688,,,,,,,,,,,,,
0.0043,4.264591439688716e-05,5.79,689,,,,,,,,,,,,,
0.0144,4.260700389105058e-05,5.8,690,,,,,,,,,,,,,
0.04,4.256809338521401e-05,5.81,691,,,,,,,,,,,,,
0.0311,4.252918287937743e-05,5.82,692,,,,,,,,,,,,,
0.004,4.249027237354086e-05,5.82,693,,,,,,,,,,,,,
0.0094,4.245136186770428e-05,5.83,694,,,,,,,,,,,,,
0.0142,4.241245136186771e-05,5.84,695,,,,,,,,,,,,,
0.0072,4.237354085603113e-05,5.85,696,,,,,,,,,,,,,
0.0072,4.233463035019455e-05,5.86,697,,,,,,,,,,,,,
0.0264,4.229571984435798e-05,5.87,698,,,,,,,,,,,,,
0.0188,4.22568093385214e-05,5.87,699,,,,,,,,,,,,,
0.0007,4.221789883268483e-05,5.88,700,,,,,,,,,,,,,
0.008,4.2178988326848253e-05,5.89,701,,,,,,,,,,,,,
0.0198,4.214007782101167e-05,5.9,702,,,,,,,,,,,,,
0.0159,4.21011673151751e-05,5.91,703,,,,,,,,,,,,,
0.003,4.206225680933852e-05,5.92,704,,,,,,,,,,,,,
0.0042,4.202334630350195e-05,5.92,705,,,,,,,,,,,,,
0.0049,4.198443579766537e-05,5.93,706,,,,,,,,,,,,,
0.0058,4.19455252918288e-05,5.94,707,,,,,,,,,,,,,
0.012,4.1906614785992224e-05,5.95,708,,,,,,,,,,,,,
0.0031,4.186770428015564e-05,5.96,709,,,,,,,,,,,,,
0.0033,4.182879377431907e-05,5.97,710,,,,,,,,,,,,,
0.0021,4.178988326848249e-05,5.97,711,,,,,,,,,,,,,
0.0036,4.175097276264592e-05,5.98,712,,,,,,,,,,,,,
0.0038,4.1712062256809344e-05,5.99,713,,,,,,,,,,,,,
0.012,4.167315175097277e-05,6.0,714,,,,,,,,,,,,,
,,6.0,714,0.08586964756250381,0.8421052631578947,0.8699763593380615,0.8558139534883722,0.981658692185008,1.1388,371.441,23.709,,,,,
0.0044,4.163424124513619e-05,6.01,715,,,,,,,,,,,,,
0.0013,4.159533073929961e-05,6.02,716,,,,,,,,,,,,,
0.0006,4.155642023346304e-05,6.03,717,,,,,,,,,,,,,
0.0109,4.1517509727626463e-05,6.03,718,,,,,,,,,,,,,
0.0004,4.147859922178989e-05,6.04,719,,,,,,,,,,,,,
0.001,4.1439688715953314e-05,6.05,720,,,,,,,,,,,,,
0.0052,4.140077821011673e-05,6.06,721,,,,,,,,,,,,,
0.0081,4.136186770428016e-05,6.07,722,,,,,,,,,,,,,
0.0051,4.1322957198443576e-05,6.08,723,,,,,,,,,,,,,
0.0166,4.1284046692607e-05,6.08,724,,,,,,,,,,,,,
0.0038,4.124513618677043e-05,6.09,725,,,,,,,,,,,,,
0.0016,4.120622568093385e-05,6.1,726,,,,,,,,,,,,,
0.0008,4.116731517509728e-05,6.11,727,,,,,,,,,,,,,
0.0004,4.11284046692607e-05,6.12,728,,,,,,,,,,,,,
0.0002,4.108949416342412e-05,6.13,729,,,,,,,,,,,,,
0.0141,4.105058365758755e-05,6.13,730,,,,,,,,,,,,,
0.0013,4.101167315175097e-05,6.14,731,,,,,,,,,,,,,
0.0008,4.09727626459144e-05,6.15,732,,,,,,,,,,,,,
0.0005,4.093385214007782e-05,6.16,733,,,,,,,,,,,,,
0.001,4.089494163424125e-05,6.17,734,,,,,,,,,,,,,
0.0002,4.0856031128404673e-05,6.18,735,,,,,,,,,,,,,
0.0018,4.081712062256809e-05,6.18,736,,,,,,,,,,,,,
0.0035,4.077821011673152e-05,6.19,737,,,,,,,,,,,,,
0.0193,4.073929961089494e-05,6.2,738,,,,,,,,,,,,,
0.0051,4.070038910505837e-05,6.21,739,,,,,,,,,,,,,
0.0029,4.066147859922179e-05,6.22,740,,,,,,,,,,,,,
0.0026,4.062256809338522e-05,6.23,741,,,,,,,,,,,,,
0.0017,4.058365758754864e-05,6.24,742,,,,,,,,,,,,,
0.0002,4.054474708171206e-05,6.24,743,,,,,,,,,,,,,
0.0099,4.050583657587549e-05,6.25,744,,,,,,,,,,,,,
0.0108,4.046692607003891e-05,6.26,745,,,,,,,,,,,,,
0.0005,4.042801556420234e-05,6.27,746,,,,,,,,,,,,,
0.0003,4.0389105058365764e-05,6.28,747,,,,,,,,,,,,,
0.0038,4.035019455252919e-05,6.29,748,,,,,,,,,,,,,
0.0081,4.031128404669261e-05,6.29,749,,,,,,,,,,,,,
0.0016,4.027237354085603e-05,6.3,750,,,,,,,,,,,,,
0.003,4.023346303501946e-05,6.31,751,,,,,,,,,,,,,
0.0172,4.0194552529182883e-05,6.32,752,,,,,,,,,,,,,
0.0008,4.015564202334631e-05,6.33,753,,,,,,,,,,,,,
0.0028,4.0116731517509734e-05,6.34,754,,,,,,,,,,,,,
0.0008,4.007782101167315e-05,6.34,755,,,,,,,,,,,,,
0.0003,4.003891050583658e-05,6.35,756,,,,,,,,,,,,,
0.0005,4e-05,6.36,757,,,,,,,,,,,,,
0.0011,3.996108949416343e-05,6.37,758,,,,,,,,,,,,,
0.0011,3.9922178988326854e-05,6.38,759,,,,,,,,,,,,,
0.0006,3.988326848249028e-05,6.39,760,,,,,,,,,,,,,
0.0011,3.9844357976653705e-05,6.39,761,,,,,,,,,,,,,
0.0063,3.980544747081712e-05,6.4,762,,,,,,,,,,,,,
0.0004,3.976653696498054e-05,6.41,763,,,,,,,,,,,,,
0.0254,3.972762645914397e-05,6.42,764,,,,,,,,,,,,,
0.0077,3.968871595330739e-05,6.43,765,,,,,,,,,,,,,
0.0286,3.964980544747082e-05,6.44,766,,,,,,,,,,,,,
0.0125,3.961089494163424e-05,6.45,767,,,,,,,,,,,,,
0.0172,3.957198443579767e-05,6.45,768,,,,,,,,,,,,,
0.001,3.953307392996109e-05,6.46,769,,,,,,,,,,,,,
0.0005,3.949416342412451e-05,6.47,770,,,,,,,,,,,,,
0.0009,3.945525291828794e-05,6.48,771,,,,,,,,,,,,,
0.0025,3.941634241245136e-05,6.49,772,,,,,,,,,,,,,
0.001,3.937743190661479e-05,6.5,773,,,,,,,,,,,,,
0.0079,3.933852140077821e-05,6.5,774,,,,,,,,,,,,,
0.0036,3.929961089494164e-05,6.51,775,,,,,,,,,,,,,
0.0132,3.926070038910506e-05,6.52,776,,,,,,,,,,,,,
0.0032,3.922178988326848e-05,6.53,777,,,,,,,,,,,,,
0.0014,3.918287937743191e-05,6.54,778,,,,,,,,,,,,,
0.0009,3.914396887159533e-05,6.55,779,,,,,,,,,,,,,
0.007,3.910505836575876e-05,6.55,780,,,,,,,,,,,,,
0.0008,3.9066147859922184e-05,6.56,781,,,,,,,,,,,,,
0.0018,3.90272373540856e-05,6.57,782,,,,,,,,,,,,,
0.0012,3.898832684824903e-05,6.58,783,,,,,,,,,,,,,
0.0006,3.894941634241245e-05,6.59,784,,,,,,,,,,,,,
0.0111,3.891050583657588e-05,6.6,785,,,,,,,,,,,,,
0.0311,3.8871595330739304e-05,6.61,786,,,,,,,,,,,,,
0.0045,3.883268482490273e-05,6.61,787,,,,,,,,,,,,,
0.0013,3.879377431906615e-05,6.62,788,,,,,,,,,,,,,
0.0197,3.875486381322957e-05,6.63,789,,,,,,,,,,,,,
0.0059,3.8715953307393e-05,6.64,790,,,,,,,,,,,,,
0.0092,3.867704280155642e-05,6.65,791,,,,,,,,,,,,,
0.0222,3.863813229571985e-05,6.66,792,,,,,,,,,,,,,
0.0157,3.8599221789883274e-05,6.66,793,,,,,,,,,,,,,
0.0058,3.85603112840467e-05,6.67,794,,,,,,,,,,,,,
0.0078,3.852140077821012e-05,6.68,795,,,,,,,,,,,,,
0.0035,3.848249027237354e-05,6.69,796,,,,,,,,,,,,,
0.001,3.844357976653697e-05,6.7,797,,,,,,,,,,,,,
0.0034,3.8404669260700394e-05,6.71,798,,,,,,,,,,,,,
0.0116,3.836575875486382e-05,6.71,799,,,,,,,,,,,,,
0.0005,3.8326848249027244e-05,6.72,800,,,,,,,,,,,,,
0.0334,3.828793774319066e-05,6.73,801,,,,,,,,,,,,,
0.0007,3.824902723735408e-05,6.74,802,,,,,,,,,,,,,
0.0017,3.821011673151751e-05,6.75,803,,,,,,,,,,,,,
0.0019,3.817120622568093e-05,6.76,804,,,,,,,,,,,,,
0.0108,3.813229571984436e-05,6.76,805,,,,,,,,,,,,,
0.0008,3.809338521400778e-05,6.77,806,,,,,,,,,,,,,
0.0006,3.805447470817121e-05,6.78,807,,,,,,,,,,,,,
0.0039,3.801556420233463e-05,6.79,808,,,,,,,,,,,,,
0.0031,3.797665369649805e-05,6.8,809,,,,,,,,,,,,,
0.01,3.793774319066148e-05,6.81,810,,,,,,,,,,,,,
0.0011,3.78988326848249e-05,6.82,811,,,,,,,,,,,,,
0.0018,3.785992217898833e-05,6.82,812,,,,,,,,,,,,,
0.0075,3.782101167315175e-05,6.83,813,,,,,,,,,,,,,
0.002,3.778210116731518e-05,6.84,814,,,,,,,,,,,,,
0.0042,3.77431906614786e-05,6.85,815,,,,,,,,,,,,,
0.0019,3.770428015564202e-05,6.86,816,,,,,,,,,,,,,
0.0037,3.766536964980545e-05,6.87,817,,,,,,,,,,,,,
0.0014,3.762645914396887e-05,6.87,818,,,,,,,,,,,,,
0.0077,3.75875486381323e-05,6.88,819,,,,,,,,,,,,,
0.0013,3.7548638132295724e-05,6.89,820,,,,,,,,,,,,,
0.0008,3.750972762645915e-05,6.9,821,,,,,,,,,,,,,
0.0059,3.747081712062257e-05,6.91,822,,,,,,,,,,,,,
0.0017,3.743190661478599e-05,6.92,823,,,,,,,,,,,,,
0.0017,3.739299610894942e-05,6.92,824,,,,,,,,,,,,,
0.0109,3.735408560311284e-05,6.93,825,,,,,,,,,,,,,
0.0002,3.731517509727627e-05,6.94,826,,,,,,,,,,,,,
0.0014,3.7276264591439694e-05,6.95,827,,,,,,,,,,,,,
0.0008,3.723735408560311e-05,6.96,828,,,,,,,,,,,,,
0.0035,3.719844357976654e-05,6.97,829,,,,,,,,,,,,,
0.0062,3.715953307392996e-05,6.97,830,,,,,,,,,,,,,
0.0046,3.712062256809339e-05,6.98,831,,,,,,,,,,,,,
0.0118,3.7081712062256814e-05,6.99,832,,,,,,,,,,,,,
0.0018,3.704280155642024e-05,7.0,833,,,,,,,,,,,,,
,,7.0,833,0.06842093169689178,0.8820754716981132,0.8841607565011821,0.8831168831168832,0.9853269537480064,1.1424,370.279,23.635,,,,,
0.005,3.7003891050583664e-05,7.01,834,,,,,,,,,,,,,
0.0008,3.696498054474708e-05,7.02,835,,,,,,,,,,,,,
0.0007,3.692607003891051e-05,7.03,836,,,,,,,,,,,,,
0.0009,3.6887159533073934e-05,7.03,837,,,,,,,,,,,,,
0.0013,3.684824902723736e-05,7.04,838,,,,,,,,,,,,,
0.0003,3.6809338521400784e-05,7.05,839,,,,,,,,,,,,,
0.0006,3.677042801556421e-05,7.06,840,,,,,,,,,,,,,
0.0031,3.673151750972763e-05,7.07,841,,,,,,,,,,,,,
0.0002,3.6692607003891047e-05,7.08,842,,,,,,,,,,,,,
0.0004,3.665369649805447e-05,7.08,843,,,,,,,,,,,,,
0.0012,3.66147859922179e-05,7.09,844,,,,,,,,,,,,,
0.0008,3.657587548638132e-05,7.1,845,,,,,,,,,,,,,
0.002,3.653696498054475e-05,7.11,846,,,,,,,,,,,,,
0.0003,3.649805447470817e-05,7.12,847,,,,,,,,,,,,,
0.0038,3.64591439688716e-05,7.13,848,,,,,,,,,,,,,
0.0049,3.642023346303502e-05,7.13,849,,,,,,,,,,,,,
0.0082,3.638132295719844e-05,7.14,850,,,,,,,,,,,,,
0.0133,3.634241245136187e-05,7.15,851,,,,,,,,,,,,,
0.0007,3.630350194552529e-05,7.16,852,,,,,,,,,,,,,
0.0011,3.626459143968872e-05,7.17,853,,,,,,,,,,,,,
0.0006,3.6225680933852144e-05,7.18,854,,,,,,,,,,,,,
0.0006,3.618677042801556e-05,7.18,855,,,,,,,,,,,,,
0.0005,3.614785992217899e-05,7.19,856,,,,,,,,,,,,,
0.0171,3.610894941634241e-05,7.2,857,,,,,,,,,,,,,
0.0003,3.607003891050584e-05,7.21,858,,,,,,,,,,,,,
0.0001,3.603112840466926e-05,7.22,859,,,,,,,,,,,,,
0.001,3.599221789883269e-05,7.23,860,,,,,,,,,,,,,
0.0103,3.5953307392996114e-05,7.24,861,,,,,,,,,,,,,
0.0011,3.591439688715953e-05,7.24,862,,,,,,,,,,,,,
0.0013,3.587548638132296e-05,7.25,863,,,,,,,,,,,,,
0.0002,3.583657587548638e-05,7.26,864,,,,,,,,,,,,,
0.0029,3.579766536964981e-05,7.27,865,,,,,,,,,,,,,
0.0026,3.5758754863813234e-05,7.28,866,,,,,,,,,,,,,
0.0007,3.571984435797666e-05,7.29,867,,,,,,,,,,,,,
0.0003,3.568093385214008e-05,7.29,868,,,,,,,,,,,,,
0.0004,3.56420233463035e-05,7.3,869,,,,,,,,,,,,,
0.0031,3.560311284046693e-05,7.31,870,,,,,,,,,,,,,
0.0005,3.5564202334630354e-05,7.32,871,,,,,,,,,,,,,
0.0015,3.552529182879378e-05,7.33,872,,,,,,,,,,,,,
0.0019,3.5486381322957204e-05,7.34,873,,,,,,,,,,,,,
0.0008,3.544747081712062e-05,7.34,874,,,,,,,,,,,,,
0.0006,3.540856031128405e-05,7.35,875,,,,,,,,,,,,,
0.0062,3.536964980544747e-05,7.36,876,,,,,,,,,,,,,
0.0023,3.53307392996109e-05,7.37,877,,,,,,,,,,,,,
0.0014,3.5291828793774324e-05,7.38,878,,,,,,,,,,,,,
0.0027,3.525291828793775e-05,7.39,879,,,,,,,,,,,,,
0.0004,3.5214007782101175e-05,7.39,880,,,,,,,,,,,,,
0.0027,3.517509727626459e-05,7.4,881,,,,,,,,,,,,,
0.0005,3.513618677042801e-05,7.41,882,,,,,,,,,,,,,
0.0106,3.509727626459144e-05,7.42,883,,,,,,,,,,,,,
0.0174,3.505836575875486e-05,7.43,884,,,,,,,,,,,,,
0.0005,3.501945525291829e-05,7.44,885,,,,,,,,,,,,,
0.0006,3.498054474708171e-05,7.45,886,,,,,,,,,,,,,
0.0013,3.494163424124514e-05,7.45,887,,,,,,,,,,,,,
0.0007,3.490272373540856e-05,7.46,888,,,,,,,,,,,,,
0.0003,3.486381322957198e-05,7.47,889,,,,,,,,,,,,,
0.002,3.482490272373541e-05,7.48,890,,,,,,,,,,,,,
0.0006,3.478599221789883e-05,7.49,891,,,,,,,,,,,,,
0.0004,3.474708171206226e-05,7.5,892,,,,,,,,,,,,,
0.0007,3.4708171206225683e-05,7.5,893,,,,,,,,,,,,,
0.002,3.466926070038911e-05,7.51,894,,,,,,,,,,,,,
0.0019,3.463035019455253e-05,7.52,895,,,,,,,,,,,,,
0.0103,3.459143968871595e-05,7.53,896,,,,,,,,,,,,,
0.0003,3.455252918287938e-05,7.54,897,,,,,,,,,,,,,
0.0018,3.45136186770428e-05,7.55,898,,,,,,,,,,,,,
0.01,3.447470817120623e-05,7.55,899,,,,,,,,,,,,,
0.0312,3.4435797665369654e-05,7.56,900,,,,,,,,,,,,,
0.0003,3.439688715953307e-05,7.57,901,,,,,,,,,,,,,
0.0042,3.43579766536965e-05,7.58,902,,,,,,,,,,,,,
0.0022,3.431906614785992e-05,7.59,903,,,,,,,,,,,,,
0.0003,3.428015564202335e-05,7.6,904,,,,,,,,,,,,,
0.0017,3.4241245136186774e-05,7.61,905,,,,,,,,,,,,,
0.0006,3.42023346303502e-05,7.61,906,,,,,,,,,,,,,
0.0006,3.4163424124513624e-05,7.62,907,,,,,,,,,,,,,
0.0005,3.412451361867704e-05,7.63,908,,,,,,,,,,,,,
0.0001,3.408560311284047e-05,7.64,909,,,,,,,,,,,,,
0.0149,3.4046692607003893e-05,7.65,910,,,,,,,,,,,,,
0.0207,3.400778210116732e-05,7.66,911,,,,,,,,,,,,,
0.0005,3.3968871595330744e-05,7.66,912,,,,,,,,,,,,,
0.0018,3.392996108949417e-05,7.67,913,,,,,,,,,,,,,
0.0039,3.389105058365759e-05,7.68,914,,,,,,,,,,,,,
0.0135,3.385214007782101e-05,7.69,915,,,,,,,,,,,,,
0.0036,3.381322957198444e-05,7.7,916,,,,,,,,,,,,,
0.0042,3.3774319066147864e-05,7.71,917,,,,,,,,,,,,,
0.0007,3.373540856031129e-05,7.71,918,,,,,,,,,,,,,
0.0015,3.3696498054474714e-05,7.72,919,,,,,,,,,,,,,
0.0008,3.365758754863814e-05,7.73,920,,,,,,,,,,,,,
0.0013,3.361867704280156e-05,7.74,921,,,,,,,,,,,,,
0.0013,3.357976653696498e-05,7.75,922,,,,,,,,,,,,,
0.0026,3.35408560311284e-05,7.76,923,,,,,,,,,,,,,
0.0009,3.350194552529183e-05,7.76,924,,,,,,,,,,,,,
0.0011,3.346303501945525e-05,7.77,925,,,,,,,,,,,,,
0.0005,3.342412451361868e-05,7.78,926,,,,,,,,,,,,,
0.003,3.3385214007782103e-05,7.79,927,,,,,,,,,,,,,
0.0015,3.334630350194552e-05,7.8,928,,,,,,,,,,,,,
0.0024,3.330739299610895e-05,7.81,929,,,,,,,,,,,,,
0.0003,3.326848249027237e-05,7.82,930,,,,,,,,,,,,,
0.001,3.32295719844358e-05,7.82,931,,,,,,,,,,,,,
0.0272,3.319066147859922e-05,7.83,932,,,,,,,,,,,,,
0.0004,3.315175097276265e-05,7.84,933,,,,,,,,,,,,,
0.0008,3.3112840466926074e-05,7.85,934,,,,,,,,,,,,,
0.0029,3.307392996108949e-05,7.86,935,,,,,,,,,,,,,
0.0003,3.303501945525292e-05,7.87,936,,,,,,,,,,,,,
0.0003,3.299610894941634e-05,7.87,937,,,,,,,,,,,,,
0.0009,3.295719844357977e-05,7.88,938,,,,,,,,,,,,,
0.0012,3.2918287937743194e-05,7.89,939,,,,,,,,,,,,,
0.0001,3.287937743190662e-05,7.9,940,,,,,,,,,,,,,
0.0158,3.284046692607004e-05,7.91,941,,,,,,,,,,,,,
0.0008,3.280155642023346e-05,7.92,942,,,,,,,,,,,,,
0.0017,3.276264591439689e-05,7.92,943,,,,,,,,,,,,,
0.0123,3.2723735408560313e-05,7.93,944,,,,,,,,,,,,,
0.0006,3.268482490272374e-05,7.94,945,,,,,,,,,,,,,
0.0011,3.2645914396887164e-05,7.95,946,,,,,,,,,,,,,
0.0034,3.260700389105058e-05,7.96,947,,,,,,,,,,,,,
0.0195,3.256809338521401e-05,7.97,948,,,,,,,,,,,,,
0.0005,3.252918287937743e-05,7.97,949,,,,,,,,,,,,,
0.0009,3.249027237354086e-05,7.98,950,,,,,,,,,,,,,
0.0018,3.2451361867704284e-05,7.99,951,,,,,,,,,,,,,
0.0003,3.241245136186771e-05,8.0,952,,,,,,,,,,,,,
,,8.0,952,0.07776506245136261,0.8867924528301887,0.8888888888888888,0.8878394332939787,0.9853269537480064,1.143,370.093,23.623,,,,,
0.0068,3.2373540856031135e-05,8.01,953,,,,,,,,,,,,,
0.0028,3.233463035019455e-05,8.02,954,,,,,,,,,,,,,
0.0023,3.229571984435798e-05,8.03,955,,,,,,,,,,,,,
0.0014,3.2256809338521404e-05,8.03,956,,,,,,,,,,,,,
0.0003,3.221789883268483e-05,8.04,957,,,,,,,,,,,,,
0.0005,3.2178988326848254e-05,8.05,958,,,,,,,,,,,,,
0.0004,3.214007782101168e-05,8.06,959,,,,,,,,,,,,,
0.0003,3.21011673151751e-05,8.07,960,,,,,,,,,,,,,
0.0002,3.2062256809338523e-05,8.08,961,,,,,,,,,,,,,
0.0017,3.202334630350194e-05,8.08,962,,,,,,,,,,,,,
0.0002,3.198443579766537e-05,8.09,963,,,,,,,,,,,,,
0.0001,3.194552529182879e-05,8.1,964,,,,,,,,,,,,,
0.0002,3.190661478599222e-05,8.11,965,,,,,,,,,,,,,
0.0006,3.186770428015564e-05,8.12,966,,,,,,,,,,,,,
0.0015,3.182879377431907e-05,8.13,967,,,,,,,,,,,,,
0.0007,3.178988326848249e-05,8.13,968,,,,,,,,,,,,,
0.0002,3.175097276264591e-05,8.14,969,,,,,,,,,,,,,
0.0027,3.171206225680934e-05,8.15,970,,,,,,,,,,,,,
0.0002,3.167315175097276e-05,8.16,971,,,,,,,,,,,,,
0.0002,3.163424124513619e-05,8.17,972,,,,,,,,,,,,,
0.0016,3.1595330739299614e-05,8.18,973,,,,,,,,,,,,,
0.0002,3.155642023346303e-05,8.18,974,,,,,,,,,,,,,
0.0002,3.151750972762646e-05,8.19,975,,,,,,,,,,,,,
0.0012,3.147859922178988e-05,8.2,976,,,,,,,,,,,,,
0.0001,3.143968871595331e-05,8.21,977,,,,,,,,,,,,,
0.0005,3.1400778210116733e-05,8.22,978,,,,,,,,,,,,,
0.0002,3.136186770428016e-05,8.23,979,,,,,,,,,,,,,
0.0001,3.1322957198443584e-05,8.24,980,,,,,,,,,,,,,
0.0001,3.1284046692607e-05,8.24,981,,,,,,,,,,,,,
0.0045,3.124513618677043e-05,8.25,982,,,,,,,,,,,,,
0.0002,3.120622568093385e-05,8.26,983,,,,,,,,,,,,,
0.0011,3.116731517509728e-05,8.27,984,,,,,,,,,,,,,
0.0006,3.1128404669260704e-05,8.28,985,,,,,,,,,,,,,
0.0019,3.108949416342413e-05,8.29,986,,,,,,,,,,,,,
0.0001,3.105058365758755e-05,8.29,987,,,,,,,,,,,,,
0.0004,3.101167315175097e-05,8.3,988,,,,,,,,,,,,,
0.0022,3.09727626459144e-05,8.31,989,,,,,,,,,,,,,
0.0004,3.0933852140077824e-05,8.32,990,,,,,,,,,,,,,
0.0005,3.089494163424125e-05,8.33,991,,,,,,,,,,,,,
0.0048,3.0856031128404674e-05,8.34,992,,,,,,,,,,,,,
0.0002,3.08171206225681e-05,8.34,993,,,,,,,,,,,,,
0.0012,3.077821011673152e-05,8.35,994,,,,,,,,,,,,,
0.0036,3.0739299610894944e-05,8.36,995,,,,,,,,,,,,,
0.0004,3.070038910505837e-05,8.37,996,,,,,,,,,,,,,
0.0039,3.0661478599221794e-05,8.38,997,,,,,,,,,,,,,
0.0016,3.062256809338522e-05,8.39,998,,,,,,,,,,,,,
0.0173,3.0583657587548645e-05,8.39,999,,,,,,,,,,,,,
0.0004,3.054474708171206e-05,8.4,1000,,,,,,,,,,,,,
0.0016,3.0505836575875492e-05,8.41,1001,,,,,,,,,,,,,
0.0003,3.046692607003891e-05,8.42,1002,,,,,,,,,,,,,
0.0002,3.0428015564202332e-05,8.43,1003,,,,,,,,,,,,,
0.0008,3.0389105058365758e-05,8.44,1004,,,,,,,,,,,,,
0.0003,3.0350194552529183e-05,8.45,1005,,,,,,,,,,,,,
0.0136,3.0311284046692605e-05,8.45,1006,,,,,,,,,,,,,
0.0022,3.027237354085603e-05,8.46,1007,,,,,,,,,,,,,
0.0002,3.0233463035019456e-05,8.47,1008,,,,,,,,,,,,,
0.0003,3.0194552529182878e-05,8.48,1009,,,,,,,,,,,,,
0.0001,3.0155642023346303e-05,8.49,1010,,,,,,,,,,,,,
0.0001,3.0116731517509728e-05,8.5,1011,,,,,,,,,,,,,
0.0003,3.007782101167315e-05,8.5,1012,,,,,,,,,,,,,
0.0002,3.0038910505836575e-05,8.51,1013,,,,,,,,,,,,,
0.0172,3e-05,8.52,1014,,,,,,,,,,,,,
0.0022,2.9961089494163426e-05,8.53,1015,,,,,,,,,,,,,
0.0002,2.9922178988326848e-05,8.54,1016,,,,,,,,,,,,,
0.0004,2.9883268482490273e-05,8.55,1017,,,,,,,,,,,,,
0.0004,2.98443579766537e-05,8.55,1018,,,,,,,,,,,,,
0.0145,2.980544747081712e-05,8.56,1019,,,,,,,,,,,,,
0.0001,2.9766536964980546e-05,8.57,1020,,,,,,,,,,,,,
0.001,2.972762645914397e-05,8.58,1021,,,,,,,,,,,,,
0.0013,2.9688715953307393e-05,8.59,1022,,,,,,,,,,,,,
0.0014,2.964980544747082e-05,8.6,1023,,,,,,,,,,,,,
0.0037,2.9610894941634244e-05,8.61,1024,,,,,,,,,,,,,
0.0002,2.9571984435797666e-05,8.61,1025,,,,,,,,,,,,,
0.0004,2.953307392996109e-05,8.62,1026,,,,,,,,,,,,,
0.0042,2.9494163424124516e-05,8.63,1027,,,,,,,,,,,,,
0.0004,2.945525291828794e-05,8.64,1028,,,,,,,,,,,,,
0.0013,2.9416342412451364e-05,8.65,1029,,,,,,,,,,,,,
0.0016,2.937743190661479e-05,8.66,1030,,,,,,,,,,,,,
0.0007,2.9338521400778214e-05,8.66,1031,,,,,,,,,,,,,
0.0002,2.9299610894941636e-05,8.67,1032,,,,,,,,,,,,,
0.0003,2.926070038910506e-05,8.68,1033,,,,,,,,,,,,,
0.0001,2.9221789883268487e-05,8.69,1034,,,,,,,,,,,,,
0.0008,2.918287937743191e-05,8.7,1035,,,,,,,,,,,,,
0.0006,2.9143968871595334e-05,8.71,1036,,,,,,,,,,,,,
0.0002,2.910505836575876e-05,8.71,1037,,,,,,,,,,,,,
0.0005,2.906614785992218e-05,8.72,1038,,,,,,,,,,,,,
0.0087,2.9027237354085607e-05,8.73,1039,,,,,,,,,,,,,
0.0006,2.8988326848249032e-05,8.74,1040,,,,,,,,,,,,,
0.0002,2.8949416342412454e-05,8.75,1041,,,,,,,,,,,,,
0.0005,2.891050583657588e-05,8.76,1042,,,,,,,,,,,,,
0.0023,2.8871595330739298e-05,8.76,1043,,,,,,,,,,,,,
0.0002,2.8832684824902723e-05,8.77,1044,,,,,,,,,,,,,
0.0008,2.8793774319066148e-05,8.78,1045,,,,,,,,,,,,,
0.0039,2.875486381322957e-05,8.79,1046,,,,,,,,,,,,,
0.0003,2.8715953307392995e-05,8.8,1047,,,,,,,,,,,,,
0.005,2.867704280155642e-05,8.81,1048,,,,,,,,,,,,,
0.0004,2.8638132295719843e-05,8.82,1049,,,,,,,,,,,,,
0.0061,2.8599221789883268e-05,8.82,1050,,,,,,,,,,,,,
0.0004,2.8560311284046693e-05,8.83,1051,,,,,,,,,,,,,
0.0005,2.8521400778210115e-05,8.84,1052,,,,,,,,,,,,,
0.0003,2.848249027237354e-05,8.85,1053,,,,,,,,,,,,,
0.0002,2.8443579766536966e-05,8.86,1054,,,,,,,,,,,,,
0.006,2.8404669260700388e-05,8.87,1055,,,,,,,,,,,,,
0.0002,2.8365758754863813e-05,8.87,1056,,,,,,,,,,,,,
0.0004,2.832684824902724e-05,8.88,1057,,,,,,,,,,,,,
0.0003,2.8287937743190664e-05,8.89,1058,,,,,,,,,,,,,
0.0027,2.8249027237354086e-05,8.9,1059,,,,,,,,,,,,,
0.0033,2.821011673151751e-05,8.91,1060,,,,,,,,,,,,,
0.0003,2.8171206225680936e-05,8.92,1061,,,,,,,,,,,,,
0.0007,2.8132295719844358e-05,8.92,1062,,,,,,,,,,,,,
0.0001,2.8093385214007784e-05,8.93,1063,,,,,,,,,,,,,
0.0001,2.805447470817121e-05,8.94,1064,,,,,,,,,,,,,
0.0004,2.801556420233463e-05,8.95,1065,,,,,,,,,,,,,
0.0011,2.7976653696498056e-05,8.96,1066,,,,,,,,,,,,,
0.0003,2.793774319066148e-05,8.97,1067,,,,,,,,,,,,,
0.0013,2.7898832684824903e-05,8.97,1068,,,,,,,,,,,,,
0.0201,2.785992217898833e-05,8.98,1069,,,,,,,,,,,,,
0.0001,2.7821011673151754e-05,8.99,1070,,,,,,,,,,,,,
0.0001,2.778210116731518e-05,9.0,1071,,,,,,,,,,,,,
,,9.0,1071,0.077259361743927,0.9002433090024331,0.8747044917257684,0.8872901678657074,0.9853269537480064,1.1477,368.565,23.525,,,,,
0.0001,2.77431906614786e-05,9.01,1072,,,,,,,,,,,,,
0.0006,2.7704280155642027e-05,9.02,1073,,,,,,,,,,,,,
0.0002,2.7665369649805452e-05,9.03,1074,,,,,,,,,,,,,
0.0002,2.7626459143968874e-05,9.03,1075,,,,,,,,,,,,,
0.0002,2.75875486381323e-05,9.04,1076,,,,,,,,,,,,,
0.0001,2.7548638132295724e-05,9.05,1077,,,,,,,,,,,,,
0.0012,2.7509727626459146e-05,9.06,1078,,,,,,,,,,,,,
0.0001,2.747081712062257e-05,9.07,1079,,,,,,,,,,,,,
0.0001,2.7431906614785997e-05,9.08,1080,,,,,,,,,,,,,
0.0048,2.739299610894942e-05,9.08,1081,,,,,,,,,,,,,
0.0001,2.7354085603112844e-05,9.09,1082,,,,,,,,,,,,,
0.0001,2.7315175097276263e-05,9.1,1083,,,,,,,,,,,,,
0.0002,2.7276264591439688e-05,9.11,1084,,,,,,,,,,,,,
0.0002,2.7237354085603113e-05,9.12,1085,,,,,,,,,,,,,
0.0001,2.7198443579766535e-05,9.13,1086,,,,,,,,,,,,,
0.0001,2.715953307392996e-05,9.13,1087,,,,,,,,,,,,,
0.0002,2.7120622568093386e-05,9.14,1088,,,,,,,,,,,,,
0.0002,2.7081712062256808e-05,9.15,1089,,,,,,,,,,,,,
0.0005,2.7042801556420233e-05,9.16,1090,,,,,,,,,,,,,
0.0006,2.700389105058366e-05,9.17,1091,,,,,,,,,,,,,
0.0002,2.696498054474708e-05,9.18,1092,,,,,,,,,,,,,
0.0001,2.6926070038910506e-05,9.18,1093,,,,,,,,,,,,,
0.001,2.688715953307393e-05,9.19,1094,,,,,,,,,,,,,
0.0003,2.6848249027237353e-05,9.2,1095,,,,,,,,,,,,,
0.0029,2.6809338521400778e-05,9.21,1096,,,,,,,,,,,,,
0.0013,2.6770428015564204e-05,9.22,1097,,,,,,,,,,,,,
0.0001,2.6731517509727626e-05,9.23,1098,,,,,,,,,,,,,
0.0002,2.669260700389105e-05,9.24,1099,,,,,,,,,,,,,
0.0001,2.6653696498054476e-05,9.24,1100,,,,,,,,,,,,,
0.0013,2.66147859922179e-05,9.25,1101,,,,,,,,,,,,,
0.0001,2.6575875486381323e-05,9.26,1102,,,,,,,,,,,,,
0.0167,2.653696498054475e-05,9.27,1103,,,,,,,,,,,,,
0.0014,2.6498054474708174e-05,9.28,1104,,,,,,,,,,,,,
0.0001,2.6459143968871596e-05,9.29,1105,,,,,,,,,,,,,
0.0002,2.642023346303502e-05,9.29,1106,,,,,,,,,,,,,
0.0005,2.6381322957198447e-05,9.3,1107,,,,,,,,,,,,,
0.0002,2.634241245136187e-05,9.31,1108,,,,,,,,,,,,,
0.0,2.6303501945525294e-05,9.32,1109,,,,,,,,,,,,,
0.0002,2.626459143968872e-05,9.33,1110,,,,,,,,,,,,,
0.0016,2.622568093385214e-05,9.34,1111,,,,,,,,,,,,,
0.0058,2.6186770428015566e-05,9.34,1112,,,,,,,,,,,,,
0.0008,2.614785992217899e-05,9.35,1113,,,,,,,,,,,,,
0.0001,2.6108949416342417e-05,9.36,1114,,,,,,,,,,,,,
0.0015,2.607003891050584e-05,9.37,1115,,,,,,,,,,,,,
0.0011,2.6031128404669264e-05,9.38,1116,,,,,,,,,,,,,
0.0003,2.599221789883269e-05,9.39,1117,,,,,,,,,,,,,
0.0001,2.595330739299611e-05,9.39,1118,,,,,,,,,,,,,
0.0001,2.5914396887159537e-05,9.4,1119,,,,,,,,,,,,,
0.0,2.5875486381322962e-05,9.41,1120,,,,,,,,,,,,,
0.0001,2.5836575875486384e-05,9.42,1121,,,,,,,,,,,,,
0.0004,2.579766536964981e-05,9.43,1122,,,,,,,,,,,,,
0.0005,2.5758754863813228e-05,9.44,1123,,,,,,,,,,,,,
0.0001,2.5719844357976653e-05,9.45,1124,,,,,,,,,,,,,
0.0001,2.5680933852140075e-05,9.45,1125,,,,,,,,,,,,,
0.0003,2.56420233463035e-05,9.46,1126,,,,,,,,,,,,,
0.0001,2.5603112840466926e-05,9.47,1127,,,,,,,,,,,,,
0.0001,2.556420233463035e-05,9.48,1128,,,,,,,,,,,,,
0.0,2.5525291828793773e-05,9.49,1129,,,,,,,,,,,,,
0.0001,2.54863813229572e-05,9.5,1130,,,,,,,,,,,,,
0.0001,2.5447470817120624e-05,9.5,1131,,,,,,,,,,,,,
0.0027,2.5408560311284046e-05,9.51,1132,,,,,,,,,,,,,
0.0034,2.536964980544747e-05,9.52,1133,,,,,,,,,,,,,
0.0001,2.5330739299610896e-05,9.53,1134,,,,,,,,,,,,,
0.0214,2.5291828793774318e-05,9.54,1135,,,,,,,,,,,,,
0.0017,2.5252918287937743e-05,9.55,1136,,,,,,,,,,,,,
0.0002,2.521400778210117e-05,9.55,1137,,,,,,,,,,,,,
0.0098,2.517509727626459e-05,9.56,1138,,,,,,,,,,,,,
0.0171,2.5136186770428016e-05,9.57,1139,,,,,,,,,,,,,
0.0001,2.509727626459144e-05,9.58,1140,,,,,,,,,,,,,
0.0002,2.5058365758754863e-05,9.59,1141,,,,,,,,,,,,,
0.0001,2.501945525291829e-05,9.6,1142,,,,,,,,,,,,,
0.0004,2.4980544747081714e-05,9.61,1143,,,,,,,,,,,,,
0.0002,2.494163424124514e-05,9.61,1144,,,,,,,,,,,,,
0.0001,2.490272373540856e-05,9.62,1145,,,,,,,,,,,,,
0.0001,2.4863813229571986e-05,9.63,1146,,,,,,,,,,,,,
0.0004,2.4824902723735412e-05,9.64,1147,,,,,,,,,,,,,
0.0001,2.4785992217898834e-05,9.65,1148,,,,,,,,,,,,,
0.0005,2.474708171206226e-05,9.66,1149,,,,,,,,,,,,,
0.0001,2.4708171206225684e-05,9.66,1150,,,,,,,,,,,,,
0.0001,2.4669260700389106e-05,9.67,1151,,,,,,,,,,,,,
0.0002,2.463035019455253e-05,9.68,1152,,,,,,,,,,,,,
0.0001,2.4591439688715953e-05,9.69,1153,,,,,,,,,,,,,
0.0001,2.455252918287938e-05,9.7,1154,,,,,,,,,,,,,
0.0001,2.45136186770428e-05,9.71,1155,,,,,,,,,,,,,
0.0066,2.4474708171206226e-05,9.71,1156,,,,,,,,,,,,,
0.0001,2.443579766536965e-05,9.72,1157,,,,,,,,,,,,,
0.0027,2.4396887159533073e-05,9.73,1158,,,,,,,,,,,,,
0.0072,2.43579766536965e-05,9.74,1159,,,,,,,,,,,,,
0.0002,2.4319066147859924e-05,9.75,1160,,,,,,,,,,,,,
0.0051,2.4280155642023346e-05,9.76,1161,,,,,,,,,,,,,
0.0001,2.424124513618677e-05,9.76,1162,,,,,,,,,,,,,
0.0001,2.4202334630350196e-05,9.77,1163,,,,,,,,,,,,,
0.0001,2.416342412451362e-05,9.78,1164,,,,,,,,,,,,,
0.0001,2.4124513618677044e-05,9.79,1165,,,,,,,,,,,,,
0.0002,2.408560311284047e-05,9.8,1166,,,,,,,,,,,,,
0.0002,2.4046692607003894e-05,9.81,1167,,,,,,,,,,,,,
0.0001,2.4007782101167316e-05,9.82,1168,,,,,,,,,,,,,
0.0001,2.396887159533074e-05,9.82,1169,,,,,,,,,,,,,
0.0001,2.3929961089494167e-05,9.83,1170,,,,,,,,,,,,,
0.0001,2.389105058365759e-05,9.84,1171,,,,,,,,,,,,,
0.0002,2.3852140077821014e-05,9.85,1172,,,,,,,,,,,,,
0.0001,2.3813229571984436e-05,9.86,1173,,,,,,,,,,,,,
0.0001,2.377431906614786e-05,9.87,1174,,,,,,,,,,,,,
0.0001,2.3735408560311283e-05,9.87,1175,,,,,,,,,,,,,
0.0002,2.369649805447471e-05,9.88,1176,,,,,,,,,,,,,
0.0001,2.3657587548638134e-05,9.89,1177,,,,,,,,,,,,,
0.0008,2.3618677042801556e-05,9.9,1178,,,,,,,,,,,,,
0.0013,2.357976653696498e-05,9.91,1179,,,,,,,,,,,,,
0.0005,2.3540856031128406e-05,9.92,1180,,,,,,,,,,,,,
0.0005,2.350194552529183e-05,9.92,1181,,,,,,,,,,,,,
0.0001,2.3463035019455254e-05,9.93,1182,,,,,,,,,,,,,
0.0002,2.342412451361868e-05,9.94,1183,,,,,,,,,,,,,
0.0,2.33852140077821e-05,9.95,1184,,,,,,,,,,,,,
0.0005,2.3346303501945526e-05,9.96,1185,,,,,,,,,,,,,
0.0,2.330739299610895e-05,9.97,1186,,,,,,,,,,,,,
0.0005,2.3268482490272377e-05,9.97,1187,,,,,,,,,,,,,
0.0001,2.32295719844358e-05,9.98,1188,,,,,,,,,,,,,
0.0002,2.3190661478599224e-05,9.99,1189,,,,,,,,,,,,,
0.0,2.315175097276265e-05,10.0,1190,,,,,,,,,,,,,
,,10.0,1190,0.08180583268404007,0.8883610451306413,0.8841607565011821,0.8862559241706162,0.9851674641148326,1.1559,365.947,23.358,,,,,
0.0001,2.311284046692607e-05,10.01,1191,,,,,,,,,,,,,
0.0001,2.3073929961089497e-05,10.02,1192,,,,,,,,,,,,,
0.0001,2.303501945525292e-05,10.03,1193,,,,,,,,,,,,,
0.0053,2.2996108949416344e-05,10.03,1194,,,,,,,,,,,,,
0.0069,2.2957198443579766e-05,10.04,1195,,,,,,,,,,,,,
0.0001,2.291828793774319e-05,10.05,1196,,,,,,,,,,,,,
0.0001,2.2879377431906616e-05,10.06,1197,,,,,,,,,,,,,
0.0001,2.284046692607004e-05,10.07,1198,,,,,,,,,,,,,
0.0001,2.2801556420233464e-05,10.08,1199,,,,,,,,,,,,,
0.0001,2.276264591439689e-05,10.08,1200,,,,,,,,,,,,,
0.0001,2.272373540856031e-05,10.09,1201,,,,,,,,,,,,,
0.0003,2.2684824902723736e-05,10.1,1202,,,,,,,,,,,,,
0.0001,2.264591439688716e-05,10.11,1203,,,,,,,,,,,,,
0.0001,2.2607003891050583e-05,10.12,1204,,,,,,,,,,,,,
0.0001,2.256809338521401e-05,10.13,1205,,,,,,,,,,,,,
0.0011,2.2529182879377434e-05,10.13,1206,,,,,,,,,,,,,
0.0,2.2490272373540856e-05,10.14,1207,,,,,,,,,,,,,
0.0001,2.245136186770428e-05,10.15,1208,,,,,,,,,,,,,
0.0001,2.2412451361867707e-05,10.16,1209,,,,,,,,,,,,,
0.0001,2.2373540856031132e-05,10.17,1210,,,,,,,,,,,,,
0.0,2.2334630350194554e-05,10.18,1211,,,,,,,,,,,,,
0.0002,2.229571984435798e-05,10.18,1212,,,,,,,,,,,,,
0.0001,2.22568093385214e-05,10.19,1213,,,,,,,,,,,,,
0.0001,2.2217898832684823e-05,10.2,1214,,,,,,,,,,,,,
0.0002,2.217898832684825e-05,10.21,1215,,,,,,,,,,,,,
0.0001,2.2140077821011674e-05,10.22,1216,,,,,,,,,,,,,
0.0098,2.21011673151751e-05,10.23,1217,,,,,,,,,,,,,
0.0005,2.206225680933852e-05,10.24,1218,,,,,,,,,,,,,
0.0003,2.2023346303501946e-05,10.24,1219,,,,,,,,,,,,,
0.0001,2.198443579766537e-05,10.25,1220,,,,,,,,,,,,,
0.0001,2.1945525291828794e-05,10.26,1221,,,,,,,,,,,,,
0.0046,2.190661478599222e-05,10.27,1222,,,,,,,,,,,,,
0.0004,2.1867704280155644e-05,10.28,1223,,,,,,,,,,,,,
0.0001,2.1828793774319066e-05,10.29,1224,,,,,,,,,,,,,
0.0001,2.178988326848249e-05,10.29,1225,,,,,,,,,,,,,
0.0002,2.1750972762645917e-05,10.3,1226,,,,,,,,,,,,,
0.002,2.171206225680934e-05,10.31,1227,,,,,,,,,,,,,
0.0003,2.1673151750972764e-05,10.32,1228,,,,,,,,,,,,,
0.0002,2.163424124513619e-05,10.33,1229,,,,,,,,,,,,,
0.0001,2.1595330739299615e-05,10.34,1230,,,,,,,,,,,,,
0.0001,2.1556420233463036e-05,10.34,1231,,,,,,,,,,,,,
0.0004,2.1517509727626462e-05,10.35,1232,,,,,,,,,,,,,
0.0001,2.1478599221789884e-05,10.36,1233,,,,,,,,,,,,,
0.0002,2.1439688715953306e-05,10.37,1234,,,,,,,,,,,,,
0.0003,2.140077821011673e-05,10.38,1235,,,,,,,,,,,,,
0.0004,2.1361867704280156e-05,10.39,1236,,,,,,,,,,,,,
0.0002,2.132295719844358e-05,10.39,1237,,,,,,,,,,,,,
0.0001,2.1284046692607004e-05,10.4,1238,,,,,,,,,,,,,
0.0004,2.124513618677043e-05,10.41,1239,,,,,,,,,,,,,
0.0001,2.1206225680933854e-05,10.42,1240,,,,,,,,,,,,,
0.0006,2.1167315175097276e-05,10.43,1241,,,,,,,,,,,,,
0.0002,2.11284046692607e-05,10.44,1242,,,,,,,,,,,,,
0.001,2.1089494163424127e-05,10.45,1243,,,,,,,,,,,,,
0.0017,2.105058365758755e-05,10.45,1244,,,,,,,,,,,,,
0.0002,2.1011673151750974e-05,10.46,1245,,,,,,,,,,,,,
0.0001,2.09727626459144e-05,10.47,1246,,,,,,,,,,,,,
0.0004,2.093385214007782e-05,10.48,1247,,,,,,,,,,,,,
0.0001,2.0894941634241247e-05,10.49,1248,,,,,,,,,,,,,
0.0002,2.0856031128404672e-05,10.5,1249,,,,,,,,,,,,,
0.0004,2.0817120622568094e-05,10.5,1250,,,,,,,,,,,,,
0.0001,2.077821011673152e-05,10.51,1251,,,,,,,,,,,,,
0.0001,2.0739299610894944e-05,10.52,1252,,,,,,,,,,,,,
0.0001,2.0700389105058366e-05,10.53,1253,,,,,,,,,,,,,
0.0,2.0661478599221788e-05,10.54,1254,,,,,,,,,,,,,
0.0006,2.0622568093385214e-05,10.55,1255,,,,,,,,,,,,,
0.0074,2.058365758754864e-05,10.55,1256,,,,,,,,,,,,,
0.0004,2.054474708171206e-05,10.56,1257,,,,,,,,,,,,,
0.0014,2.0505836575875486e-05,10.57,1258,,,,,,,,,,,,,
0.0001,2.046692607003891e-05,10.58,1259,,,,,,,,,,,,,
0.0004,2.0428015564202337e-05,10.59,1260,,,,,,,,,,,,,
0.0002,2.038910505836576e-05,10.6,1261,,,,,,,,,,,,,
0.0001,2.0350194552529184e-05,10.61,1262,,,,,,,,,,,,,
0.0001,2.031128404669261e-05,10.61,1263,,,,,,,,,,,,,
0.0004,2.027237354085603e-05,10.62,1264,,,,,,,,,,,,,
0.0001,2.0233463035019457e-05,10.63,1265,,,,,,,,,,,,,
0.0,2.0194552529182882e-05,10.64,1266,,,,,,,,,,,,,
0.0033,2.0155642023346304e-05,10.65,1267,,,,,,,,,,,,,
0.0001,2.011673151750973e-05,10.66,1268,,,,,,,,,,,,,
0.0002,2.0077821011673154e-05,10.66,1269,,,,,,,,,,,,,
0.0014,2.0038910505836576e-05,10.67,1270,,,,,,,,,,,,,
0.0001,2e-05,10.68,1271,,,,,,,,,,,,,
0.0,1.9961089494163427e-05,10.69,1272,,,,,,,,,,,,,
0.0001,1.9922178988326852e-05,10.7,1273,,,,,,,,,,,,,
0.0,1.988326848249027e-05,10.71,1274,,,,,,,,,,,,,
0.0001,1.9844357976653696e-05,10.71,1275,,,,,,,,,,,,,
0.0001,1.980544747081712e-05,10.72,1276,,,,,,,,,,,,,
0.0003,1.9766536964980543e-05,10.73,1277,,,,,,,,,,,,,
0.0001,1.972762645914397e-05,10.74,1278,,,,,,,,,,,,,
0.0116,1.9688715953307394e-05,10.75,1279,,,,,,,,,,,,,
0.0003,1.964980544747082e-05,10.76,1280,,,,,,,,,,,,,
0.0001,1.961089494163424e-05,10.76,1281,,,,,,,,,,,,,
0.0,1.9571984435797667e-05,10.77,1282,,,,,,,,,,,,,
0.0001,1.9533073929961092e-05,10.78,1283,,,,,,,,,,,,,
0.0001,1.9494163424124514e-05,10.79,1284,,,,,,,,,,,,,
0.0003,1.945525291828794e-05,10.8,1285,,,,,,,,,,,,,
0.0002,1.9416342412451364e-05,10.81,1286,,,,,,,,,,,,,
0.0002,1.9377431906614786e-05,10.82,1287,,,,,,,,,,,,,
0.0014,1.933852140077821e-05,10.82,1288,,,,,,,,,,,,,
0.0002,1.9299610894941637e-05,10.83,1289,,,,,,,,,,,,,
0.0001,1.926070038910506e-05,10.84,1290,,,,,,,,,,,,,
0.0002,1.9221789883268484e-05,10.85,1291,,,,,,,,,,,,,
0.0001,1.918287937743191e-05,10.86,1292,,,,,,,,,,,,,
0.0022,1.914396887159533e-05,10.87,1293,,,,,,,,,,,,,
0.0003,1.9105058365758753e-05,10.87,1294,,,,,,,,,,,,,
0.0004,1.906614785992218e-05,10.88,1295,,,,,,,,,,,,,
0.0002,1.9027237354085604e-05,10.89,1296,,,,,,,,,,,,,
0.0001,1.8988326848249026e-05,10.9,1297,,,,,,,,,,,,,
0.0001,1.894941634241245e-05,10.91,1298,,,,,,,,,,,,,
0.0002,1.8910505836575877e-05,10.92,1299,,,,,,,,,,,,,
0.0075,1.88715953307393e-05,10.92,1300,,,,,,,,,,,,,
0.0005,1.8832684824902724e-05,10.93,1301,,,,,,,,,,,,,
0.0001,1.879377431906615e-05,10.94,1302,,,,,,,,,,,,,
0.0081,1.8754863813229574e-05,10.95,1303,,,,,,,,,,,,,
0.0001,1.8715953307392996e-05,10.96,1304,,,,,,,,,,,,,
0.0003,1.867704280155642e-05,10.97,1305,,,,,,,,,,,,,
0.0004,1.8638132295719847e-05,10.97,1306,,,,,,,,,,,,,
0.0003,1.859922178988327e-05,10.98,1307,,,,,,,,,,,,,
0.0031,1.8560311284046694e-05,10.99,1308,,,,,,,,,,,,,
0.0001,1.852140077821012e-05,11.0,1309,,,,,,,,,,,,,
,,11.0,1309,0.08603011816740036,0.864367816091954,0.8888888888888888,0.8764568764568763,0.9837320574162679,1.1591,364.93,23.293,,,,,
0.0015,1.848249027237354e-05,11.01,1310,,,,,,,,,,,,,
0.0001,1.8443579766536967e-05,11.02,1311,,,,,,,,,,,,,
0.0,1.8404669260700392e-05,11.03,1312,,,,,,,,,,,,,
0.0001,1.8365758754863814e-05,11.03,1313,,,,,,,,,,,,,
0.0,1.8326848249027236e-05,11.04,1314,,,,,,,,,,,,,
0.0,1.828793774319066e-05,11.05,1315,,,,,,,,,,,,,
0.0,1.8249027237354087e-05,11.06,1316,,,,,,,,,,,,,
0.0,1.821011673151751e-05,11.07,1317,,,,,,,,,,,,,
0.0001,1.8171206225680934e-05,11.08,1318,,,,,,,,,,,,,
0.0001,1.813229571984436e-05,11.08,1319,,,,,,,,,,,,,
0.0001,1.809338521400778e-05,11.09,1320,,,,,,,,,,,,,
0.0,1.8054474708171206e-05,11.1,1321,,,,,,,,,,,,,
0.0013,1.801556420233463e-05,11.11,1322,,,,,,,,,,,,,
0.0136,1.7976653696498057e-05,11.12,1323,,,,,,,,,,,,,
0.0001,1.793774319066148e-05,11.13,1324,,,,,,,,,,,,,
0.0001,1.7898832684824904e-05,11.13,1325,,,,,,,,,,,,,
0.0001,1.785992217898833e-05,11.14,1326,,,,,,,,,,,,,
0.0001,1.782101167315175e-05,11.15,1327,,,,,,,,,,,,,
0.0002,1.7782101167315177e-05,11.16,1328,,,,,,,,,,,,,
0.0001,1.7743190661478602e-05,11.17,1329,,,,,,,,,,,,,
0.0001,1.7704280155642024e-05,11.18,1330,,,,,,,,,,,,,
0.0001,1.766536964980545e-05,11.18,1331,,,,,,,,,,,,,
0.0001,1.7626459143968875e-05,11.19,1332,,,,,,,,,,,,,
0.0001,1.7587548638132297e-05,11.2,1333,,,,,,,,,,,,,
0.0001,1.754863813229572e-05,11.21,1334,,,,,,,,,,,,,
0.0001,1.7509727626459144e-05,11.22,1335,,,,,,,,,,,,,
0.0001,1.747081712062257e-05,11.23,1336,,,,,,,,,,,,,
0.0001,1.743190661478599e-05,11.24,1337,,,,,,,,,,,,,
0.0001,1.7392996108949416e-05,11.24,1338,,,,,,,,,,,,,
0.0,1.7354085603112842e-05,11.25,1339,,,,,,,,,,,,,
0.0001,1.7315175097276264e-05,11.26,1340,,,,,,,,,,,,,
0.0,1.727626459143969e-05,11.27,1341,,,,,,,,,,,,,
0.0001,1.7237354085603114e-05,11.28,1342,,,,,,,,,,,,,
0.0002,1.7198443579766536e-05,11.29,1343,,,,,,,,,,,,,
0.0001,1.715953307392996e-05,11.29,1344,,,,,,,,,,,,,
0.0,1.7120622568093387e-05,11.3,1345,,,,,,,,,,,,,
0.0001,1.7081712062256812e-05,11.31,1346,,,,,,,,,,,,,
0.0005,1.7042801556420234e-05,11.32,1347,,,,,,,,,,,,,
0.0,1.700389105058366e-05,11.33,1348,,,,,,,,,,,,,
0.0001,1.6964980544747085e-05,11.34,1349,,,,,,,,,,,,,
0.0014,1.6926070038910507e-05,11.34,1350,,,,,,,,,,,,,
0.0,1.6887159533073932e-05,11.35,1351,,,,,,,,,,,,,
0.0002,1.6848249027237357e-05,11.36,1352,,,,,,,,,,,,,
0.0001,1.680933852140078e-05,11.37,1353,,,,,,,,,,,,,
0.0001,1.67704280155642e-05,11.38,1354,,,,,,,,,,,,,
0.0004,1.6731517509727626e-05,11.39,1355,,,,,,,,,,,,,
0.0,1.6692607003891052e-05,11.39,1356,,,,,,,,,,,,,
0.0022,1.6653696498054474e-05,11.4,1357,,,,,,,,,,,,,
0.0002,1.66147859922179e-05,11.41,1358,,,,,,,,,,,,,
0.0001,1.6575875486381324e-05,11.42,1359,,,,,,,,,,,,,
0.0008,1.6536964980544746e-05,11.43,1360,,,,,,,,,,,,,
0.0001,1.649805447470817e-05,11.44,1361,,,,,,,,,,,,,
0.0,1.6459143968871597e-05,11.45,1362,,,,,,,,,,,,,
0.0005,1.642023346303502e-05,11.45,1363,,,,,,,,,,,,,
0.0083,1.6381322957198444e-05,11.46,1364,,,,,,,,,,,,,
0.0001,1.634241245136187e-05,11.47,1365,,,,,,,,,,,,,
0.0002,1.630350194552529e-05,11.48,1366,,,,,,,,,,,,,
0.0002,1.6264591439688717e-05,11.49,1367,,,,,,,,,,,,,
0.0001,1.6225680933852142e-05,11.5,1368,,,,,,,,,,,,,
0.002,1.6186770428015567e-05,11.5,1369,,,,,,,,,,,,,
0.0004,1.614785992217899e-05,11.51,1370,,,,,,,,,,,,,
0.0003,1.6108949416342414e-05,11.52,1371,,,,,,,,,,,,,
0.0001,1.607003891050584e-05,11.53,1372,,,,,,,,,,,,,
0.0086,1.6031128404669262e-05,11.54,1373,,,,,,,,,,,,,
0.0001,1.5992217898832684e-05,11.55,1374,,,,,,,,,,,,,
0.0001,1.595330739299611e-05,11.55,1375,,,,,,,,,,,,,
0.0003,1.5914396887159534e-05,11.56,1376,,,,,,,,,,,,,
0.0001,1.5875486381322956e-05,11.57,1377,,,,,,,,,,,,,
0.0001,1.583657587548638e-05,11.58,1378,,,,,,,,,,,,,
0.0001,1.5797665369649807e-05,11.59,1379,,,,,,,,,,,,,
0.0003,1.575875486381323e-05,11.6,1380,,,,,,,,,,,,,
0.0001,1.5719844357976654e-05,11.61,1381,,,,,,,,,,,,,
0.0081,1.568093385214008e-05,11.61,1382,,,,,,,,,,,,,
0.0001,1.56420233463035e-05,11.62,1383,,,,,,,,,,,,,
0.0001,1.5603112840466927e-05,11.63,1384,,,,,,,,,,,,,
0.0009,1.5564202334630352e-05,11.64,1385,,,,,,,,,,,,,
0.0002,1.5525291828793774e-05,11.65,1386,,,,,,,,,,,,,
0.0001,1.54863813229572e-05,11.66,1387,,,,,,,,,,,,,
0.0001,1.5447470817120625e-05,11.66,1388,,,,,,,,,,,,,
0.0004,1.540856031128405e-05,11.67,1389,,,,,,,,,,,,,
0.0014,1.5369649805447472e-05,11.68,1390,,,,,,,,,,,,,
0.0006,1.5330739299610897e-05,11.69,1391,,,,,,,,,,,,,
0.0002,1.5291828793774322e-05,11.7,1392,,,,,,,,,,,,,
0.0,1.5252918287937746e-05,11.71,1393,,,,,,,,,,,,,
0.0001,1.5214007782101166e-05,11.71,1394,,,,,,,,,,,,,
0.0001,1.5175097276264592e-05,11.72,1395,,,,,,,,,,,,,
0.0003,1.5136186770428015e-05,11.73,1396,,,,,,,,,,,,,
0.001,1.5097276264591439e-05,11.74,1397,,,,,,,,,,,,,
0.0001,1.5058365758754864e-05,11.75,1398,,,,,,,,,,,,,
0.0005,1.5019455252918288e-05,11.76,1399,,,,,,,,,,,,,
0.0001,1.4980544747081713e-05,11.76,1400,,,,,,,,,,,,,
0.0001,1.4941634241245137e-05,11.77,1401,,,,,,,,,,,,,
0.0003,1.490272373540856e-05,11.78,1402,,,,,,,,,,,,,
0.0046,1.4863813229571986e-05,11.79,1403,,,,,,,,,,,,,
0.0005,1.482490272373541e-05,11.8,1404,,,,,,,,,,,,,
0.0001,1.4785992217898833e-05,11.81,1405,,,,,,,,,,,,,
0.0038,1.4747081712062258e-05,11.82,1406,,,,,,,,,,,,,
0.0001,1.4708171206225682e-05,11.82,1407,,,,,,,,,,,,,
0.0001,1.4669260700389107e-05,11.83,1408,,,,,,,,,,,,,
0.0001,1.463035019455253e-05,11.84,1409,,,,,,,,,,,,,
0.0002,1.4591439688715954e-05,11.85,1410,,,,,,,,,,,,,
0.0001,1.455252918287938e-05,11.86,1411,,,,,,,,,,,,,
0.0001,1.4513618677042803e-05,11.87,1412,,,,,,,,,,,,,
0.0002,1.4474708171206227e-05,11.87,1413,,,,,,,,,,,,,
0.0001,1.4435797665369649e-05,11.88,1414,,,,,,,,,,,,,
0.0002,1.4396887159533074e-05,11.89,1415,,,,,,,,,,,,,
0.0013,1.4357976653696498e-05,11.9,1416,,,,,,,,,,,,,
0.0001,1.4319066147859921e-05,11.91,1417,,,,,,,,,,,,,
0.0001,1.4280155642023347e-05,11.92,1418,,,,,,,,,,,,,
0.0001,1.424124513618677e-05,11.92,1419,,,,,,,,,,,,,
0.0001,1.4202334630350194e-05,11.93,1420,,,,,,,,,,,,,
0.0011,1.416342412451362e-05,11.94,1421,,,,,,,,,,,,,
0.0009,1.4124513618677043e-05,11.95,1422,,,,,,,,,,,,,
0.0,1.4085603112840468e-05,11.96,1423,,,,,,,,,,,,,
0.0002,1.4046692607003892e-05,11.97,1424,,,,,,,,,,,,,
0.0001,1.4007782101167315e-05,11.97,1425,,,,,,,,,,,,,
0.0002,1.396887159533074e-05,11.98,1426,,,,,,,,,,,,,
0.0001,1.3929961089494164e-05,11.99,1427,,,,,,,,,,,,,
0.0004,1.389105058365759e-05,12.0,1428,,,,,,,,,,,,,
,,12.0,1428,0.08168704062700272,0.9053398058252428,0.8817966903073287,0.8934131736526947,0.9862838915470494,1.1375,371.88,23.737,,,,,
0.0001,1.3852140077821013e-05,12.01,1429,,,,,,,,,,,,,
0.0002,1.3813229571984437e-05,12.02,1430,,,,,,,,,,,,,
0.0002,1.3774319066147862e-05,12.03,1431,,,,,,,,,,,,,
0.0001,1.3735408560311286e-05,12.03,1432,,,,,,,,,,,,,
0.0002,1.369649805447471e-05,12.04,1433,,,,,,,,,,,,,
0.0001,1.3657587548638131e-05,12.05,1434,,,,,,,,,,,,,
0.0002,1.3618677042801557e-05,12.06,1435,,,,,,,,,,,,,
0.0007,1.357976653696498e-05,12.07,1436,,,,,,,,,,,,,
0.0,1.3540856031128404e-05,12.08,1437,,,,,,,,,,,,,
0.0001,1.350194552529183e-05,12.08,1438,,,,,,,,,,,,,
0.0001,1.3463035019455253e-05,12.09,1439,,,,,,,,,,,,,
0.0,1.3424124513618676e-05,12.1,1440,,,,,,,,,,,,,
0.0001,1.3385214007782102e-05,12.11,1441,,,,,,,,,,,,,
0.0,1.3346303501945525e-05,12.12,1442,,,,,,,,,,,,,
0.0001,1.330739299610895e-05,12.13,1443,,,,,,,,,,,,,
0.0002,1.3268482490272374e-05,12.13,1444,,,,,,,,,,,,,
0.0003,1.3229571984435798e-05,12.14,1445,,,,,,,,,,,,,
0.0001,1.3190661478599223e-05,12.15,1446,,,,,,,,,,,,,
0.0001,1.3151750972762647e-05,12.16,1447,,,,,,,,,,,,,
0.0001,1.311284046692607e-05,12.17,1448,,,,,,,,,,,,,
0.0007,1.3073929961089496e-05,12.18,1449,,,,,,,,,,,,,
0.0001,1.303501945525292e-05,12.18,1450,,,,,,,,,,,,,
0.0,1.2996108949416345e-05,12.19,1451,,,,,,,,,,,,,
0.0001,1.2957198443579768e-05,12.2,1452,,,,,,,,,,,,,
0.0,1.2918287937743192e-05,12.21,1453,,,,,,,,,,,,,
0.0001,1.2879377431906614e-05,12.22,1454,,,,,,,,,,,,,
0.0001,1.2840466926070038e-05,12.23,1455,,,,,,,,,,,,,
0.0,1.2801556420233463e-05,12.24,1456,,,,,,,,,,,,,
0.0001,1.2762645914396887e-05,12.24,1457,,,,,,,,,,,,,
0.0001,1.2723735408560312e-05,12.25,1458,,,,,,,,,,,,,
0.0006,1.2684824902723735e-05,12.26,1459,,,,,,,,,,,,,
0.0,1.2645914396887159e-05,12.27,1460,,,,,,,,,,,,,
0.0001,1.2607003891050584e-05,12.28,1461,,,,,,,,,,,,,
0.0003,1.2568093385214008e-05,12.29,1462,,,,,,,,,,,,,
0.0001,1.2529182879377432e-05,12.29,1463,,,,,,,,,,,,,
0.0,1.2490272373540857e-05,12.3,1464,,,,,,,,,,,,,
0.0,1.245136186770428e-05,12.31,1465,,,,,,,,,,,,,
0.0,1.2412451361867706e-05,12.32,1466,,,,,,,,,,,,,
0.0001,1.237354085603113e-05,12.33,1467,,,,,,,,,,,,,
0.0,1.2334630350194553e-05,12.34,1468,,,,,,,,,,,,,
0.0001,1.2295719844357977e-05,12.34,1469,,,,,,,,,,,,,
0.0,1.22568093385214e-05,12.35,1470,,,,,,,,,,,,,
0.0001,1.2217898832684826e-05,12.36,1471,,,,,,,,,,,,,
0.0,1.217898832684825e-05,12.37,1472,,,,,,,,,,,,,
0.0001,1.2140077821011673e-05,12.38,1473,,,,,,,,,,,,,
0.0001,1.2101167315175098e-05,12.39,1474,,,,,,,,,,,,,
0.0,1.2062256809338522e-05,12.39,1475,,,,,,,,,,,,,
0.0013,1.2023346303501947e-05,12.4,1476,,,,,,,,,,,,,
0.0,1.198443579766537e-05,12.41,1477,,,,,,,,,,,,,
0.0,1.1945525291828794e-05,12.42,1478,,,,,,,,,,,,,
0.0001,1.1906614785992218e-05,12.43,1479,,,,,,,,,,,,,
0.0,1.1867704280155642e-05,12.44,1480,,,,,,,,,,,,,
0.0001,1.1828793774319067e-05,12.45,1481,,,,,,,,,,,,,
0.0004,1.178988326848249e-05,12.45,1482,,,,,,,,,,,,,
0.0001,1.1750972762645914e-05,12.46,1483,,,,,,,,,,,,,
0.0008,1.171206225680934e-05,12.47,1484,,,,,,,,,,,,,
0.0,1.1673151750972763e-05,12.48,1485,,,,,,,,,,,,,
0.0,1.1634241245136188e-05,12.49,1486,,,,,,,,,,,,,
0.0001,1.1595330739299612e-05,12.5,1487,,,,,,,,,,,,,
0.0017,1.1556420233463036e-05,12.5,1488,,,,,,,,,,,,,
0.0,1.151750972762646e-05,12.51,1489,,,,,,,,,,,,,
0.0001,1.1478599221789883e-05,12.52,1490,,,,,,,,,,,,,
0.0008,1.1439688715953308e-05,12.53,1491,,,,,,,,,,,,,
0.0001,1.1400778210116732e-05,12.54,1492,,,,,,,,,,,,,
0.0002,1.1361867704280155e-05,12.55,1493,,,,,,,,,,,,,
0.0003,1.132295719844358e-05,12.55,1494,,,,,,,,,,,,,
0.0,1.1284046692607004e-05,12.56,1495,,,,,,,,,,,,,
0.0001,1.1245136186770428e-05,12.57,1496,,,,,,,,,,,,,
0.0,1.1206225680933853e-05,12.58,1497,,,,,,,,,,,,,
0.0001,1.1167315175097277e-05,12.59,1498,,,,,,,,,,,,,
0.0,1.11284046692607e-05,12.6,1499,,,,,,,,,,,,,
0.0,1.1089494163424124e-05,12.61,1500,,,,,,,,,,,,,
0.0006,1.105058365758755e-05,12.61,1501,,,,,,,,,,,,,
0.0,1.1011673151750973e-05,12.62,1502,,,,,,,,,,,,,
0.0003,1.0972762645914397e-05,12.63,1503,,,,,,,,,,,,,
0.0001,1.0933852140077822e-05,12.64,1504,,,,,,,,,,,,,
0.0,1.0894941634241246e-05,12.65,1505,,,,,,,,,,,,,
0.0,1.085603112840467e-05,12.66,1506,,,,,,,,,,,,,
0.0,1.0817120622568095e-05,12.66,1507,,,,,,,,,,,,,
0.0015,1.0778210116731518e-05,12.67,1508,,,,,,,,,,,,,
0.0,1.0739299610894942e-05,12.68,1509,,,,,,,,,,,,,
0.0,1.0700389105058365e-05,12.69,1510,,,,,,,,,,,,,
0.0,1.066147859922179e-05,12.7,1511,,,,,,,,,,,,,
0.0222,1.0622568093385214e-05,12.71,1512,,,,,,,,,,,,,
0.0001,1.0583657587548638e-05,12.71,1513,,,,,,,,,,,,,
0.0,1.0544747081712063e-05,12.72,1514,,,,,,,,,,,,,
0.0001,1.0505836575875487e-05,12.73,1515,,,,,,,,,,,,,
0.0002,1.046692607003891e-05,12.74,1516,,,,,,,,,,,,,
0.0027,1.0428015564202336e-05,12.75,1517,,,,,,,,,,,,,
0.0,1.038910505836576e-05,12.76,1518,,,,,,,,,,,,,
0.0001,1.0350194552529183e-05,12.76,1519,,,,,,,,,,,,,
0.0,1.0311284046692607e-05,12.77,1520,,,,,,,,,,,,,
0.0014,1.027237354085603e-05,12.78,1521,,,,,,,,,,,,,
0.0001,1.0233463035019456e-05,12.79,1522,,,,,,,,,,,,,
0.0,1.019455252918288e-05,12.8,1523,,,,,,,,,,,,,
0.0001,1.0155642023346305e-05,12.81,1524,,,,,,,,,,,,,
0.0,1.0116731517509728e-05,12.82,1525,,,,,,,,,,,,,
0.0013,1.0077821011673152e-05,12.82,1526,,,,,,,,,,,,,
0.0001,1.0038910505836577e-05,12.83,1527,,,,,,,,,,,,,
0.0,1e-05,12.84,1528,,,,,,,,,,,,,
0.0002,9.961089494163426e-06,12.85,1529,,,,,,,,,,,,,
0.0001,9.922178988326848e-06,12.86,1530,,,,,,,,,,,,,
0.0,9.883268482490272e-06,12.87,1531,,,,,,,,,,,,,
0.0001,9.844357976653697e-06,12.87,1532,,,,,,,,,,,,,
0.0001,9.80544747081712e-06,12.88,1533,,,,,,,,,,,,,
0.0001,9.766536964980546e-06,12.89,1534,,,,,,,,,,,,,
0.0,9.72762645914397e-06,12.9,1535,,,,,,,,,,,,,
0.0001,9.688715953307393e-06,12.91,1536,,,,,,,,,,,,,
0.0001,9.649805447470818e-06,12.92,1537,,,,,,,,,,,,,
0.0,9.610894941634242e-06,12.92,1538,,,,,,,,,,,,,
0.0,9.571984435797666e-06,12.93,1539,,,,,,,,,,,,,
0.0023,9.53307392996109e-06,12.94,1540,,,,,,,,,,,,,
0.0001,9.494163424124513e-06,12.95,1541,,,,,,,,,,,,,
0.0,9.455252918287938e-06,12.96,1542,,,,,,,,,,,,,
0.0025,9.416342412451362e-06,12.97,1543,,,,,,,,,,,,,
0.0001,9.377431906614787e-06,12.97,1544,,,,,,,,,,,,,
0.0003,9.33852140077821e-06,12.98,1545,,,,,,,,,,,,,
0.0,9.299610894941634e-06,12.99,1546,,,,,,,,,,,,,
0.0,9.26070038910506e-06,13.0,1547,,,,,,,,,,,,,
,,13.0,1547,0.08604499697685242,0.892018779342723,0.8983451536643026,0.8951707891637221,0.9862838915470494,1.145,369.445,23.582,,,,,
0.0001,9.221789883268483e-06,13.01,1548,,,,,,,,,,,,,
0.0001,9.182879377431907e-06,13.02,1549,,,,,,,,,,,,,
0.0,9.14396887159533e-06,13.03,1550,,,,,,,,,,,,,
0.0031,9.105058365758754e-06,13.03,1551,,,,,,,,,,,,,
0.0,9.06614785992218e-06,13.04,1552,,,,,,,,,,,,,
0.0,9.027237354085603e-06,13.05,1553,,,,,,,,,,,,,
0.0,8.988326848249028e-06,13.06,1554,,,,,,,,,,,,,
0.0002,8.949416342412452e-06,13.07,1555,,,,,,,,,,,,,
0.0,8.910505836575876e-06,13.08,1556,,,,,,,,,,,,,
0.0001,8.871595330739301e-06,13.08,1557,,,,,,,,,,,,,
0.0001,8.832684824902725e-06,13.09,1558,,,,,,,,,,,,,
0.0,8.793774319066148e-06,13.1,1559,,,,,,,,,,,,,
0.0002,8.754863813229572e-06,13.11,1560,,,,,,,,,,,,,
0.0,8.715953307392996e-06,13.12,1561,,,,,,,,,,,,,
0.0001,8.677042801556421e-06,13.13,1562,,,,,,,,,,,,,
0.0,8.638132295719844e-06,13.13,1563,,,,,,,,,,,,,
0.0001,8.599221789883268e-06,13.14,1564,,,,,,,,,,,,,
0.0002,8.560311284046693e-06,13.15,1565,,,,,,,,,,,,,
0.0,8.521400778210117e-06,13.16,1566,,,,,,,,,,,,,
0.0,8.482490272373542e-06,13.17,1567,,,,,,,,,,,,,
0.0,8.443579766536966e-06,13.18,1568,,,,,,,,,,,,,
0.0001,8.40466926070039e-06,13.18,1569,,,,,,,,,,,,,
0.0,8.365758754863813e-06,13.19,1570,,,,,,,,,,,,,
0.0001,8.326848249027237e-06,13.2,1571,,,,,,,,,,,,,
0.0,8.287937743190662e-06,13.21,1572,,,,,,,,,,,,,
0.0001,8.249027237354086e-06,13.22,1573,,,,,,,,,,,,,
0.0001,8.21011673151751e-06,13.23,1574,,,,,,,,,,,,,
0.0005,8.171206225680935e-06,13.24,1575,,,,,,,,,,,,,
0.0001,8.132295719844358e-06,13.24,1576,,,,,,,,,,,,,
0.0,8.093385214007784e-06,13.25,1577,,,,,,,,,,,,,
0.0003,8.054474708171207e-06,13.26,1578,,,,,,,,,,,,,
0.0002,8.015564202334631e-06,13.27,1579,,,,,,,,,,,,,
0.0001,7.976653696498054e-06,13.28,1580,,,,,,,,,,,,,
0.0,7.937743190661478e-06,13.29,1581,,,,,,,,,,,,,
0.0001,7.898832684824903e-06,13.29,1582,,,,,,,,,,,,,
0.0003,7.859922178988327e-06,13.3,1583,,,,,,,,,,,,,
0.0006,7.82101167315175e-06,13.31,1584,,,,,,,,,,,,,
0.0002,7.782101167315176e-06,13.32,1585,,,,,,,,,,,,,
0.0,7.7431906614786e-06,13.33,1586,,,,,,,,,,,,,
0.0,7.704280155642025e-06,13.34,1587,,,,,,,,,,,,,
0.0,7.665369649805449e-06,13.34,1588,,,,,,,,,,,,,
0.0001,7.626459143968873e-06,13.35,1589,,,,,,,,,,,,,
0.0,7.587548638132296e-06,13.36,1590,,,,,,,,,,,,,
0.0001,7.548638132295719e-06,13.37,1591,,,,,,,,,,,,,
0.0,7.509727626459144e-06,13.38,1592,,,,,,,,,,,,,
0.0001,7.470817120622568e-06,13.39,1593,,,,,,,,,,,,,
0.0001,7.431906614785993e-06,13.39,1594,,,,,,,,,,,,,
0.0003,7.392996108949416e-06,13.4,1595,,,,,,,,,,,,,
0.0,7.354085603112841e-06,13.41,1596,,,,,,,,,,,,,
0.0,7.315175097276265e-06,13.42,1597,,,,,,,,,,,,,
0.0,7.27626459143969e-06,13.43,1598,,,,,,,,,,,,,
0.0002,7.2373540856031134e-06,13.44,1599,,,,,,,,,,,,,
0.0009,7.198443579766537e-06,13.45,1600,,,,,,,,,,,,,
0.0,7.159533073929961e-06,13.45,1601,,,,,,,,,,,,,
0.0001,7.120622568093385e-06,13.46,1602,,,,,,,,,,,,,
0.0,7.08171206225681e-06,13.47,1603,,,,,,,,,,,,,
0.0021,7.042801556420234e-06,13.48,1604,,,,,,,,,,,,,
0.0002,7.003891050583658e-06,13.49,1605,,,,,,,,,,,,,
0.0001,6.964980544747082e-06,13.5,1606,,,,,,,,,,,,,
0.0001,6.926070038910507e-06,13.5,1607,,,,,,,,,,,,,
0.0002,6.887159533073931e-06,13.51,1608,,,,,,,,,,,,,
0.0001,6.848249027237355e-06,13.52,1609,,,,,,,,,,,,,
0.0,6.809338521400778e-06,13.53,1610,,,,,,,,,,,,,
0.0,6.770428015564202e-06,13.54,1611,,,,,,,,,,,,,
0.0,6.7315175097276264e-06,13.55,1612,,,,,,,,,,,,,
0.0,6.692607003891051e-06,13.55,1613,,,,,,,,,,,,,
0.0,6.653696498054475e-06,13.56,1614,,,,,,,,,,,,,
0.0001,6.614785992217899e-06,13.57,1615,,,,,,,,,,,,,
0.0,6.5758754863813235e-06,13.58,1616,,,,,,,,,,,,,
0.0001,6.536964980544748e-06,13.59,1617,,,,,,,,,,,,,
0.0,6.498054474708172e-06,13.6,1618,,,,,,,,,,,,,
0.0,6.459143968871596e-06,13.61,1619,,,,,,,,,,,,,
0.0001,6.420233463035019e-06,13.61,1620,,,,,,,,,,,,,
0.0,6.381322957198443e-06,13.62,1621,,,,,,,,,,,,,
0.0002,6.342412451361868e-06,13.63,1622,,,,,,,,,,,,,
0.0,6.303501945525292e-06,13.64,1623,,,,,,,,,,,,,
0.0,6.264591439688716e-06,13.65,1624,,,,,,,,,,,,,
0.0,6.22568093385214e-06,13.66,1625,,,,,,,,,,,,,
0.0001,6.186770428015565e-06,13.66,1626,,,,,,,,,,,,,
0.0001,6.147859922178988e-06,13.67,1627,,,,,,,,,,,,,
0.0001,6.108949416342413e-06,13.68,1628,,,,,,,,,,,,,
0.0062,6.0700389105058364e-06,13.69,1629,,,,,,,,,,,,,
0.0,6.031128404669261e-06,13.7,1630,,,,,,,,,,,,,
0.0001,5.992217898832685e-06,13.71,1631,,,,,,,,,,,,,
0.0001,5.953307392996109e-06,13.71,1632,,,,,,,,,,,,,
0.0,5.9143968871595335e-06,13.72,1633,,,,,,,,,,,,,
0.0,5.875486381322957e-06,13.73,1634,,,,,,,,,,,,,
0.0,5.8365758754863816e-06,13.74,1635,,,,,,,,,,,,,
0.0001,5.797665369649806e-06,13.75,1636,,,,,,,,,,,,,
0.0,5.75875486381323e-06,13.76,1637,,,,,,,,,,,,,
0.0001,5.719844357976654e-06,13.76,1638,,,,,,,,,,,,,
0.0,5.680933852140078e-06,13.77,1639,,,,,,,,,,,,,
0.0001,5.642023346303502e-06,13.78,1640,,,,,,,,,,,,,
0.0001,5.603112840466927e-06,13.79,1641,,,,,,,,,,,,,
0.0,5.56420233463035e-06,13.8,1642,,,,,,,,,,,,,
0.0,5.525291828793775e-06,13.81,1643,,,,,,,,,,,,,
0.0013,5.486381322957198e-06,13.82,1644,,,,,,,,,,,,,
0.0001,5.447470817120623e-06,13.82,1645,,,,,,,,,,,,,
0.0,5.408560311284047e-06,13.83,1646,,,,,,,,,,,,,
0.0001,5.369649805447471e-06,13.84,1647,,,,,,,,,,,,,
0.0,5.330739299610895e-06,13.85,1648,,,,,,,,,,,,,
0.0,5.291828793774319e-06,13.86,1649,,,,,,,,,,,,,
0.0,5.2529182879377435e-06,13.87,1650,,,,,,,,,,,,,
0.0,5.214007782101168e-06,13.87,1651,,,,,,,,,,,,,
0.0,5.1750972762645916e-06,13.88,1652,,,,,,,,,,,,,
0.0001,5.136186770428015e-06,13.89,1653,,,,,,,,,,,,,
0.0,5.09727626459144e-06,13.9,1654,,,,,,,,,,,,,
0.0,5.058365758754864e-06,13.91,1655,,,,,,,,,,,,,
0.0042,5.019455252918289e-06,13.92,1656,,,,,,,,,,,,,
0.0,4.980544747081713e-06,13.92,1657,,,,,,,,,,,,,
0.0001,4.941634241245136e-06,13.93,1658,,,,,,,,,,,,,
0.0001,4.90272373540856e-06,13.94,1659,,,,,,,,,,,,,
0.0001,4.863813229571985e-06,13.95,1660,,,,,,,,,,,,,
0.0002,4.824902723735409e-06,13.96,1661,,,,,,,,,,,,,
0.0,4.785992217898833e-06,13.97,1662,,,,,,,,,,,,,
0.0,4.7470817120622565e-06,13.97,1663,,,,,,,,,,,,,
0.0,4.708171206225681e-06,13.98,1664,,,,,,,,,,,,,
0.0014,4.669260700389105e-06,13.99,1665,,,,,,,,,,,,,
0.0043,4.63035019455253e-06,14.0,1666,,,,,,,,,,,,,
,,14.0,1666,0.08692684769630432,0.8881118881118881,0.900709219858156,0.8943661971830986,0.9861244019138756,1.1507,367.603,23.464,,,,,
0.0001,4.5914396887159535e-06,14.01,1667,,,,,,,,,,,,,
0.0,4.552529182879377e-06,14.02,1668,,,,,,,,,,,,,
0.0,4.513618677042802e-06,14.03,1669,,,,,,,,,,,,,
0.0009,4.474708171206226e-06,14.03,1670,,,,,,,,,,,,,
0.0001,4.4357976653696505e-06,14.04,1671,,,,,,,,,,,,,
0.0001,4.396887159533074e-06,14.05,1672,,,,,,,,,,,,,
0.0001,4.357976653696498e-06,14.06,1673,,,,,,,,,,,,,
0.0003,4.319066147859922e-06,14.07,1674,,,,,,,,,,,,,
0.0,4.280155642023347e-06,14.08,1675,,,,,,,,,,,,,
0.0005,4.241245136186771e-06,14.08,1676,,,,,,,,,,,,,
0.0,4.202334630350195e-06,14.09,1677,,,,,,,,,,,,,
0.0039,4.163424124513618e-06,14.1,1678,,,,,,,,,,,,,
0.0002,4.124513618677043e-06,14.11,1679,,,,,,,,,,,,,
0.0,4.085603112840467e-06,14.12,1680,,,,,,,,,,,,,
0.0,4.046692607003892e-06,14.13,1681,,,,,,,,,,,,,
0.0,4.0077821011673154e-06,14.13,1682,,,,,,,,,,,,,
0.0001,3.968871595330739e-06,14.14,1683,,,,,,,,,,,,,
0.0,3.9299610894941635e-06,14.15,1684,,,,,,,,,,,,,
0.0001,3.891050583657588e-06,14.16,1685,,,,,,,,,,,,,
0.0001,3.8521400778210125e-06,14.17,1686,,,,,,,,,,,,,
0.0001,3.8132295719844365e-06,14.18,1687,,,,,,,,,,,,,
0.0001,3.7743190661478597e-06,14.18,1688,,,,,,,,,,,,,
0.0,3.735408560311284e-06,14.19,1689,,,,,,,,,,,,,
0.0,3.696498054474708e-06,14.2,1690,,,,,,,,,,,,,
0.0003,3.6575875486381327e-06,14.21,1691,,,,,,,,,,,,,
0.0,3.6186770428015567e-06,14.22,1692,,,,,,,,,,,,,
0.0001,3.5797665369649803e-06,14.23,1693,,,,,,,,,,,,,
0.0003,3.540856031128405e-06,14.24,1694,,,,,,,,,,,,,
0.0,3.501945525291829e-06,14.24,1695,,,,,,,,,,,,,
0.0,3.4630350194552533e-06,14.25,1696,,,,,,,,,,,,,
0.0,3.4241245136186774e-06,14.26,1697,,,,,,,,,,,,,
0.0001,3.385214007782101e-06,14.27,1698,,,,,,,,,,,,,
0.0,3.3463035019455255e-06,14.28,1699,,,,,,,,,,,,,
0.0002,3.3073929961089495e-06,14.29,1700,,,,,,,,,,,,,
0.0001,3.268482490272374e-06,14.29,1701,,,,,,,,,,,,,
0.0,3.229571984435798e-06,14.3,1702,,,,,,,,,,,,,
0.0001,3.1906614785992216e-06,14.31,1703,,,,,,,,,,,,,
0.0,3.151750972762646e-06,14.32,1704,,,,,,,,,,,,,
0.016,3.11284046692607e-06,14.33,1705,,,,,,,,,,,,,
0.0001,3.073929961089494e-06,14.34,1706,,,,,,,,,,,,,
0.0001,3.0350194552529182e-06,14.34,1707,,,,,,,,,,,,,
0.0002,2.9961089494163427e-06,14.35,1708,,,,,,,,,,,,,
0.0003,2.9571984435797667e-06,14.36,1709,,,,,,,,,,,,,
0.0001,2.9182879377431908e-06,14.37,1710,,,,,,,,,,,,,
0.0001,2.879377431906615e-06,14.38,1711,,,,,,,,,,,,,
0.0,2.840466926070039e-06,14.39,1712,,,,,,,,,,,,,
0.0,2.8015564202334633e-06,14.39,1713,,,,,,,,,,,,,
0.0,2.7626459143968874e-06,14.4,1714,,,,,,,,,,,,,
0.0,2.7237354085603114e-06,14.41,1715,,,,,,,,,,,,,
0.0001,2.6848249027237355e-06,14.42,1716,,,,,,,,,,,,,
0.0,2.6459143968871595e-06,14.43,1717,,,,,,,,,,,,,
0.0001,2.607003891050584e-06,14.44,1718,,,,,,,,,,,,,
0.0001,2.5680933852140076e-06,14.45,1719,,,,,,,,,,,,,
0.0001,2.529182879377432e-06,14.45,1720,,,,,,,,,,,,,
0.0002,2.4902723735408565e-06,14.46,1721,,,,,,,,,,,,,
0.0,2.45136186770428e-06,14.47,1722,,,,,,,,,,,,,
0.0001,2.4124513618677046e-06,14.48,1723,,,,,,,,,,,,,
0.0,2.3735408560311282e-06,14.49,1724,,,,,,,,,,,,,
0.0,2.3346303501945527e-06,14.5,1725,,,,,,,,,,,,,
0.0,2.2957198443579768e-06,14.5,1726,,,,,,,,,,,,,
0.0,2.256809338521401e-06,14.51,1727,,,,,,,,,,,,,
0.0,2.2178988326848253e-06,14.52,1728,,,,,,,,,,,,,
0.0,2.178988326848249e-06,14.53,1729,,,,,,,,,,,,,
0.0,2.1400778210116734e-06,14.54,1730,,,,,,,,,,,,,
0.0,2.1011673151750974e-06,14.55,1731,,,,,,,,,,,,,
0.0,2.0622568093385214e-06,14.55,1732,,,,,,,,,,,,,
0.0,2.023346303501946e-06,14.56,1733,,,,,,,,,,,,,
0.0001,1.9844357976653695e-06,14.57,1734,,,,,,,,,,,,,
0.0,1.945525291828794e-06,14.58,1735,,,,,,,,,,,,,
0.0,1.9066147859922183e-06,14.59,1736,,,,,,,,,,,,,
0.0001,1.867704280155642e-06,14.6,1737,,,,,,,,,,,,,
0.0,1.8287937743190663e-06,14.61,1738,,,,,,,,,,,,,
0.0001,1.7898832684824902e-06,14.61,1739,,,,,,,,,,,,,
0.0001,1.7509727626459144e-06,14.62,1740,,,,,,,,,,,,,
0.0001,1.7120622568093387e-06,14.63,1741,,,,,,,,,,,,,
0.0,1.6731517509727627e-06,14.64,1742,,,,,,,,,,,,,
0.0009,1.634241245136187e-06,14.65,1743,,,,,,,,,,,,,
0.0,1.5953307392996108e-06,14.66,1744,,,,,,,,,,,,,
0.0,1.556420233463035e-06,14.66,1745,,,,,,,,,,,,,
0.0001,1.5175097276264591e-06,14.67,1746,,,,,,,,,,,,,
0.0006,1.4785992217898834e-06,14.68,1747,,,,,,,,,,,,,
0.0003,1.4396887159533074e-06,14.69,1748,,,,,,,,,,,,,
0.0001,1.4007782101167317e-06,14.7,1749,,,,,,,,,,,,,
0.0001,1.3618677042801557e-06,14.71,1750,,,,,,,,,,,,,
0.0,1.3229571984435798e-06,14.71,1751,,,,,,,,,,,,,
0.0,1.2840466926070038e-06,14.72,1752,,,,,,,,,,,,,
0.0001,1.2451361867704283e-06,14.73,1753,,,,,,,,,,,,,
0.0001,1.2062256809338523e-06,14.74,1754,,,,,,,,,,,,,
0.0001,1.1673151750972764e-06,14.75,1755,,,,,,,,,,,,,
0.0001,1.1284046692607004e-06,14.76,1756,,,,,,,,,,,,,
0.0003,1.0894941634241244e-06,14.76,1757,,,,,,,,,,,,,
0.0001,1.0505836575875487e-06,14.77,1758,,,,,,,,,,,,,
0.0001,1.011673151750973e-06,14.78,1759,,,,,,,,,,,,,
0.0,9.72762645914397e-07,14.79,1760,,,,,,,,,,,,,
0.0,9.33852140077821e-07,14.8,1761,,,,,,,,,,,,,
0.0001,8.949416342412451e-07,14.81,1762,,,,,,,,,,,,,
0.0001,8.560311284046693e-07,14.82,1763,,,,,,,,,,,,,
0.0,8.171206225680935e-07,14.82,1764,,,,,,,,,,,,,
0.0002,7.782101167315175e-07,14.83,1765,,,,,,,,,,,,,
0.0001,7.392996108949417e-07,14.84,1766,,,,,,,,,,,,,
0.0001,7.003891050583658e-07,14.85,1767,,,,,,,,,,,,,
0.0,6.614785992217899e-07,14.86,1768,,,,,,,,,,,,,
0.0,6.225680933852141e-07,14.87,1769,,,,,,,,,,,,,
0.0,5.836575875486382e-07,14.87,1770,,,,,,,,,,,,,
0.0,5.447470817120622e-07,14.88,1771,,,,,,,,,,,,,
0.0001,5.058365758754865e-07,14.89,1772,,,,,,,,,,,,,
0.0001,4.669260700389105e-07,14.9,1773,,,,,,,,,,,,,
0.0,4.2801556420233467e-07,14.91,1774,,,,,,,,,,,,,
0.0,3.8910505836575877e-07,14.92,1775,,,,,,,,,,,,,
0.0,3.501945525291829e-07,14.92,1776,,,,,,,,,,,,,
0.0001,3.1128404669260707e-07,14.93,1777,,,,,,,,,,,,,
0.0,2.723735408560311e-07,14.94,1778,,,,,,,,,,,,,
0.0,2.3346303501945526e-07,14.95,1779,,,,,,,,,,,,,
0.0001,1.9455252918287938e-07,14.96,1780,,,,,,,,,,,,,
0.0,1.5564202334630353e-07,14.97,1781,,,,,,,,,,,,,
0.0001,1.1673151750972763e-07,14.97,1782,,,,,,,,,,,,,
0.0002,7.782101167315177e-08,14.98,1783,,,,,,,,,,,,,
0.0005,3.8910505836575883e-08,14.99,1784,,,,,,,,,,,,,
0.0001,0.0,15.0,1785,,,,,,,,,,,,,
,,15.0,1785,0.08286693692207336,0.8954869358669834,0.8912529550827423,0.8933649289099526,0.9861244019138756,1.1421,370.362,23.64,,,,,
,,15.0,1785,,,,,,,,,545.0154,104.777,3.275,1299779391599280.0,0.039776898044869446
